id;created_at;repo_id;user_id
37965;12/5/2010 4:16;1;49
37966;16/2/2009 11:51;1;79
37967;9/2/2011 2:53;1;141
37968;1/9/2010 7:05;1;153
37969;4/3/2009 8:44;1;210
37970;4/9/2010 4:47;1;217
37971;16/2/2009 11:51;1;224
37972;6/2/2011 22:17;1;232
37973;14/4/2009 14:38;1;244
37974;28/10/2010 4:54;1;254
37975;9/2/2012 4:30;1;256
37976;14/3/2011 11:34;1;299
37977;29/4/2010 2:28;1;304
37978;16/4/2012 7:13;1;316
37979;4/4/2012 3:12;1;352
37980;25/7/2012 14:08;1;374
37981;27/8/2009 6:33;1;404
37982;14/7/2009 17:38;1;419
37983;7/4/2012 20:41;1;445
37984;5/10/2011 13:57;1;470
37985;12/3/2009 1:31;1;492
37986;25/5/2009 1:24;1;548
37987;16/2/2009 11:51;1;588
37988;5/12/2010 14:39;1;595
37989;7/4/2011 6:39;1;655
37990;16/2/2009 11:51;1;764
37991;16/2/2009 11:51;1;809
37992;17/4/2010 19:09;1;837
37993;16/2/2009 11:51;1;841
37994;16/2/2009 11:51;1;871
37995;12/1/2011 6:53;1;980
38312;3/5/2010 2:08;2;2
38313;20/2/2012 18:58;2;23
38314;20/4/2011 2:03;2;25
38315;4/12/2012 18:53;2;51
38316;1/2/2013 18:12;2;60
38317;6/2/2013 17:13;2;66
38318;3/5/2010 2:08;2;76
38319;3/5/2010 2:08;2;79
38320;3/5/2010 2:08;2;82
38321;21/5/2012 13:53;2;122
38322;27/6/2011 5:18;2;124
38323;16/12/2010 6:53;2;126
38324;25/7/2012 14:38;2;205
38325;14/2/2013 17:48;2;213
38326;24/7/2013 4:43;2;221
38327;3/7/2010 9:47;2;222
38328;9/2/2012 4:30;2;256
38329;3/5/2010 2:08;2;305
38330;4/3/2011 2:56;2;320
38331;24/9/2010 21:24;2;322
38332;5/5/2011 0:55;2;325
38333;4/4/2012 3:12;2;352
38334;7/1/2013 16:00;2;361
38335;3/5/2010 2:08;2;370
38336;7/6/2011 18:17;2;371
38337;25/7/2012 14:08;2;374
38338;3/5/2010 2:08;2;388
38339;11/1/2011 3:40;2;397
38340;3/5/2010 2:08;2;404
38341;27/6/2010 12:14;2;406
38342;30/11/2012 11:48;2;462
38343;27/1/2013 10:31;2;490
38344;2/8/2011 12:36;2;513
38345;20/6/2011 6:22;2;516
38346;21/7/2011 19:17;2;538
38347;3/5/2010 2:08;2;545
38348;1/4/2013 3:53;2;550
38349;18/12/2010 22:17;2;562
38350;7/10/2011 13:28;2;632
38351;3/5/2010 2:08;2;635
38352;1/10/2012 19:40;2;637
38353;3/5/2010 2:08;2;650
38354;27/6/2010 16:02;2;693
38355;19/10/2010 19:40;2;697
38356;3/5/2010 2:08;2;699
38357;7/8/2011 18:53;2;710
38358;3/5/2010 2:08;2;718
38359;11/11/2011 9:23;2;722
38360;10/8/2011 14:45;2;724
38361;3/5/2010 2:08;2;726
38362;1/6/2012 17:09;2;740
38363;26/12/2011 6:27;2;755
38364;3/5/2010 2:08;2;768
38365;25/1/2012 18:34;2;773
38366;28/1/2011 13:50;2;780
38367;2/7/2010 14:34;2;794
38368;3/5/2010 2:08;2;801
38369;18/5/2011 19:32;2;806
38370;7/8/2012 2:03;2;807
38371;3/5/2010 2:08;2;809
38372;3/6/2011 17:19;2;812
38373;14/9/2010 23:47;2;819
38374;1/3/2011 7:37;2;820
38375;27/10/2010 9:12;2;821
38376;21/4/2012 4:21;2;824
38377;3/5/2010 2:08;2;825
38378;3/5/2010 2:08;2;828
38379;3/5/2010 2:08;2;832
38380;3/5/2010 2:08;2;842
38381;2016-07-19 01:41:52.587000;13926404;22362
38382;2016-07-19 01:41:55.977000;44998824;22362
38383;2016-07-19 01:41:56.317000;1633641;224
38384;2016-07-19 01:41:56.603000;1633641;19693
38385;2016-07-19 01:41:56.934000;1633641;22362
38386;2016-07-19 01:41:57.226000;36804486;19693
38387;2016-07-19 01:41:57.491000;11072123;19693
38388;2016-07-19 01:41:57.749000;44998824;224
38389;2016-07-19 01:41:57.980000;62095504;224
38390;2016-07-19 01:41:58.595000;1633641;25111
38391;3/5/2010 2:08;2;920
38392;28/11/2011 16:54;2;922
38393;9/2/2012 17:19;2;930
38394;3/5/2010 2:08;2;939
38395;21/4/2013 4:02;2;951
38396;24/12/2012 20:07;2;964
38397;31/3/2012 15:01;2;965
38398;25/9/2010 16:16;2;968
38399;30/9/2010 3:14;2;971
38400;30/9/2012 10:40;2;975
38401;3/5/2010 2:08;2;977
38402;12/1/2011 6:53;2;980
38989;24/8/2010 15:22;3;3
38990;17/6/2011 14:25;3;26
38991;1/4/2011 2:32;3;65
38992;26/8/2011 20:50;3;73
38993;24/8/2010 15:22;3;76
38994;24/8/2010 15:22;3;79
38995;24/8/2010 15:22;3;82
38996;15/11/2010 6:14;3;85
38997;24/8/2010 15:22;3;88
38998;24/8/2010 15:22;3;91
38999;24/8/2010 15:22;3;95
39000;19/4/2011 3:36;3;98
39001;24/11/2010 5:43;3;101
39002;24/8/2010 15:22;3;121
39003;21/5/2012 13:53;3;122
39004;24/8/2010 15:22;3;123
39005;27/6/2011 5:18;3;124
39006;10/5/2012 10:53;3;125
39007;3/10/2010 0:24;3;148
39008;14/2/2013 17:48;3;213
39009;24/7/2013 4:43;3;221
39010;24/8/2010 15:22;3;222
39011;9/2/2012 4:30;3;256
39012;24/8/2010 15:22;3;305
39013;24/8/2010 15:22;3;327
39014;4/4/2012 3:12;3;352
39015;7/1/2013 16:00;3;361
39016;11/1/2011 3:40;3;397
39017;20/6/2011 6:22;3;516
39018;24/8/2010 15:22;3;529
39019;21/7/2011 19:17;3;538
39020;1/4/2013 3:53;3;550
39021;7/10/2011 13:28;3;632
39022;19/10/2010 19:40;3;697
39023;24/8/2010 15:22;3;699
39024;25/11/2011 14:41;3;700
39025;12/2/2012 22:46;3;702
39026;6/5/2013 4:46;3;704
39027;14/6/2011 12:43;3;705
39028;7/9/2010 21:08;3;706
39029;2/7/2011 6:42;3;709
39030;7/8/2011 18:53;3;710
39031;24/8/2010 15:22;3;713
39032;16/9/2012 14:16;3;714
39033;7/9/2010 14:46;3;717
39034;24/8/2010 15:22;3;718
39035;24/8/2010 15:22;3;721
39036;11/11/2011 9:23;3;722
39037;10/8/2011 14:45;3;724
39038;24/8/2010 15:22;3;726
39039;14/4/2011 15:59;3;727
39040;24/8/2010 15:22;3;729
39041;24/5/2012 6:09;3;730
39042;24/8/2010 15:22;3;732
39043;24/8/2010 15:22;3;733
39044;24/8/2010 15:22;3;736
39045;24/8/2010 15:22;3;737
39046;1/6/2012 17:09;3;740
39047;24/8/2010 15:22;3;742
39048;23/3/2012 16:29;3;743
39049;24/8/2010 15:22;3;745
39050;16/2/2012 10:00;3;747
39051;24/8/2010 15:22;3;749
39052;12/7/2011 4:53;3;750
39053;24/8/2010 15:22;3;751
39054;24/8/2010 15:22;3;754
39055;26/12/2011 6:27;3;755
39056;24/8/2010 15:22;3;757
39057;24/8/2010 15:22;3;759
39058;24/8/2010 15:22;3;762
39059;2/5/2012 18:11;3;763
39060;24/8/2010 15:22;3;764
39061;29/11/2010 12:11;3;765
39062;24/8/2010 15:22;3;768
39063;5/5/2012 13:24;3;769
39064;24/8/2010 15:22;3;772
39065;25/1/2012 18:34;3;773
39066;19/11/2011 3:16;3;776
39067;24/8/2010 15:22;3;777
39068;28/1/2011 13:50;3;780
39069;24/8/2010 15:22;3;781
39070;24/8/2010 15:22;3;782
39071;24/8/2010 15:22;3;785
39072;24/8/2010 15:22;3;786
39073;10/4/2011 0:38;3;789
39074;28/1/2013 22:27;3;790
39075;20/2/2012 4:19;3;793
39076;24/8/2010 15:22;3;794
39077;24/8/2010 15:22;3;797
39078;24/8/2010 15:22;3;798
39079;24/8/2010 15:22;3;801
39080;21/10/2010 17:13;3;802
39081;8/8/2011 15:10;3;804
39082;18/5/2011 19:32;3;806
39083;7/8/2012 2:03;3;807
39084;24/8/2010 15:22;3;809
39085;24/8/2010 15:22;3;811
39086;3/6/2011 17:19;3;812
39087;6/7/2012 7:13;3;815
39088;29/8/2011 4:41;3;816
39089;14/9/2010 23:47;3;819
39090;1/3/2011 7:37;3;820
39091;27/10/2010 9:12;3;821
39092;21/4/2012 4:21;3;824
39093;24/8/2010 15:22;3;825
39094;24/8/2010 15:22;3;828
39095;6/1/2012 21:07;3;829
39096;24/8/2010 15:22;3;832
39097;24/8/2010 15:22;3;833
39098;24/8/2010 15:22;3;836
39099;24/8/2010 15:22;3;837
39100;24/8/2010 15:22;3;839
39101;24/8/2010 15:22;3;841
39102;24/8/2010 15:22;3;842
39103;24/8/2010 15:22;3;844
39104;29/1/2013 21:32;3;846
39105;24/8/2010 15:22;3;847
39106;15/5/2012 7:59;3;850
39107;31/8/2011 9:01;3;851
39108;24/8/2010 15:22;3;852
39109;24/8/2010 15:22;3;855
39110;1/9/2010 18:32;3;856
39111;7/9/2012 17:56;3;859
39112;24/8/2010 15:22;3;860
39113;24/8/2010 15:22;3;863
39114;24/8/2010 15:22;3;864
39115;24/8/2010 15:22;3;866
39116;24/8/2010 15:22;3;868
39117;4/5/2013 3:38;3;869
39118;24/8/2010 15:22;3;871
39119;24/8/2010 15:22;3;873
39120;24/8/2010 15:22;3;874
39121;24/8/2010 15:22;3;877
39122;24/8/2010 15:22;3;878
39123;13/3/2011 22:51;3;881
39124;24/8/2010 15:22;3;882
39125;30/11/2010 3:32;3;885
39126;30/3/2011 23:25;3;886
39127;27/7/2012 16:58;3;889
39128;24/8/2010 15:22;3;890
39129;30/11/2012 18:58;3;893
39130;24/8/2010 15:22;3;894
39131;24/8/2010 15:22;3;896
39132;28/10/2010 0:35;3;898
39133;3/2/2011 9:28;3;899
39134;24/8/2010 15:22;3;900
39135;23/9/2010 12:56;3;903
39136;24/8/2010 15:22;3;904
39137;24/8/2010 15:22;3;907
39138;31/10/2011 9:20;3;908
39139;24/8/2010 15:22;3;909
39140;24/3/2012 19:05;3;912
39141;13/12/2011 3:06;3;914
39142;24/8/2010 15:22;3;916
39143;6/6/2013 12:30;3;918
39144;24/8/2010 15:22;3;920
39145;24/8/2010 15:22;3;921
39146;28/11/2011 16:54;3;922
39147;24/8/2010 15:22;3;923
39148;24/8/2010 15:22;3;926
39149;24/8/2010 15:22;3;927
39150;9/2/2012 17:19;3;930
39151;14/5/2013 1:10;3;931
39152;13/3/2012 3:41;3;934
39153;2/11/2010 15:48;3;935
39154;24/8/2010 15:22;3;936
39155;24/8/2010 15:22;3;939
39156;17/11/2011 19:32;3;940
39157;16/1/2012 21:49;3;943
39158;24/8/2010 15:22;3;944
39159;12/10/2010 2:09;3;947
39160;24/8/2010 15:22;3;948
39161;21/4/2013 4:02;3;951
39162;11/9/2011 20:44;3;952
39163;24/8/2010 15:22;3;954
39164;21/6/2011 14:05;3;956
39165;24/8/2010 15:22;3;957
39166;8/11/2010 6:40;3;960
39167;24/8/2010 15:22;3;961
39168;24/12/2012 20:07;3;964
39169;31/3/2012 15:01;3;965
39170;25/9/2010 16:16;3;968
39171;24/8/2010 15:22;3;970
39172;30/9/2010 3:14;3;971
39173;9/1/2012 3:57;3;973
39174;30/9/2012 10:40;3;975
39175;24/8/2010 15:22;3;977
39176;17/1/2013 18:24;3;978
39177;12/1/2011 6:53;3;980
39178;24/8/2010 15:22;3;982
39179;24/8/2010 15:22;3;984
39180;30/12/2010 19:21;3;986
39181;17/2/2012 10:05;3;988
39182;24/8/2010 15:22;3;990
39183;23/4/2012 18:24;4;23
39184;20/6/2012 12:37;4;24
39185;23/4/2012 18:24;4;25
39186;23/4/2012 18:24;4;29
39187;23/4/2012 18:24;4;30
39188;23/4/2012 18:24;4;33
39189;23/4/2012 18:24;4;37
39190;23/4/2012 18:24;4;49
39191;23/4/2012 18:24;4;65
39192;23/4/2012 18:24;4;70
39193;23/4/2012 18:24;4;73
39194;23/4/2012 18:24;4;78
39195;23/6/2013 6:00;4;90
39196;7/5/2012 10:45;4;96
39197;23/4/2012 18:24;4;187
39198;19/10/2012 16:40;4;188
39199;23/4/2012 18:24;4;189
39200;23/4/2012 18:24;4;191
39201;23/4/2012 18:24;4;193
39202;4/1/2013 4:13;4;194
39203;10/4/2013 18:38;4;197
39204;23/4/2012 18:24;4;198
39205;23/4/2012 18:24;4;199
39206;23/4/2012 18:24;4;201
39207;23/4/2012 18:24;4;202
39208;23/4/2012 18:24;4;204
39209;25/7/2012 14:38;4;205
39210;23/4/2012 18:24;4;207
39211;23/4/2012 18:24;4;208
39212;23/4/2012 18:24;4;210
39213;23/4/2012 18:24;4;211
39214;14/2/2013 17:48;4;213
39215;30/10/2012 13:54;4;214
39216;23/4/2012 18:24;4;215
39217;23/4/2012 18:24;4;217
39218;11/1/2013 19:55;4;218
39219;23/4/2012 18:24;4;219
39220;24/7/2013 4:43;4;221
39221;23/4/2012 18:24;4;222
39222;23/4/2012 18:24;4;224
39223;23/4/2012 18:24;4;225
39224;23/4/2012 18:24;4;227
39225;23/4/2012 18:24;4;228
39226;23/4/2012 18:24;4;230
39227;23/4/2012 18:24;4;231
39228;23/4/2012 18:24;4;232
39229;23/4/2012 18:24;4;234
39230;23/4/2012 18:24;4;235
39231;23/4/2012 18:24;4;237
39232;23/4/2012 18:24;4;238
39233;23/4/2012 18:24;4;240
39234;23/4/2012 18:24;4;241
39235;6/5/2013 12:24;4;243
39236;23/4/2012 18:24;4;244
39237;23/4/2012 18:24;4;246
39238;23/4/2012 18:24;4;247
39239;23/4/2012 18:24;4;248
39240;23/4/2012 18:24;4;249
39241;23/4/2012 18:24;4;251
39242;23/4/2012 18:24;4;252
39243;23/4/2012 18:24;4;254
39244;23/4/2012 18:24;4;255
39245;23/4/2012 18:24;4;256
39246;23/4/2012 18:24;4;258
39247;23/4/2012 18:24;4;259
39248;23/4/2012 18:24;4;261
39249;23/4/2012 18:24;4;262
39250;23/4/2012 18:24;4;264
39251;23/4/2012 18:24;4;265
39252;23/4/2012 18:24;4;266
39253;23/4/2012 18:24;4;268
39254;23/4/2012 18:24;4;269
39255;23/10/2012 9:14;4;271
39256;23/4/2012 18:24;4;272
39257;23/4/2012 18:24;4;274
39258;30/11/2012 0:01;4;275
39259;23/4/2012 18:24;4;276
39260;23/4/2012 18:24;4;277
39261;23/4/2012 18:24;4;278
39262;23/4/2012 18:24;4;280
39263;23/4/2012 18:24;4;281
39264;23/4/2012 18:24;4;283
39265;23/4/2012 18:24;4;284
39266;23/4/2012 18:24;4;286
39267;23/4/2012 18:24;4;287
39268;23/4/2012 18:24;4;289
39269;23/4/2012 18:24;4;290
39270;23/4/2012 18:24;4;291
39271;23/4/2012 18:24;4;293
39272;23/4/2012 18:24;4;294
39273;23/4/2012 18:24;4;296
39274;23/4/2012 18:24;4;297
39275;23/4/2012 18:24;4;299
39276;23/4/2012 18:24;4;300
39277;23/4/2012 18:24;4;301
39278;23/4/2012 18:24;4;302
39279;23/4/2012 18:24;4;304
39280;23/4/2012 18:24;4;305
39281;23/4/2012 18:24;4;308
39282;23/4/2012 18:24;4;309
39283;23/4/2012 18:24;4;310
39284;21/7/2012 11:59;4;311
39285;23/4/2012 18:24;4;313
39286;23/4/2012 18:24;4;314
39287;23/4/2012 18:24;4;315
39288;23/4/2012 18:24;4;316
39289;23/4/2012 18:24;4;318
39290;23/4/2012 18:24;4;319
39291;23/4/2012 18:24;4;320
39292;23/4/2012 18:24;4;322
39293;23/4/2012 18:24;4;323
39294;23/4/2012 18:24;4;325
39295;23/4/2012 18:24;4;327
39296;23/4/2012 18:24;4;328
39297;23/4/2012 18:24;4;330
39298;14/8/2012 21:02;4;331
39299;23/4/2012 18:24;4;332
39300;23/4/2012 18:24;4;334
39301;23/6/2013 19:14;4;335
39302;23/4/2012 18:24;4;336
39303;23/4/2012 18:24;4;338
39304;23/4/2012 18:24;4;339
39305;23/4/2012 18:24;4;340
39306;23/4/2012 18:24;4;342
39307;23/4/2012 18:24;4;343
39308;23/4/2012 18:24;4;345
39309;23/4/2012 18:24;4;346
39310;23/4/2012 18:24;4;348
39311;23/4/2012 18:24;4;349
39312;23/4/2012 18:24;4;351
39313;23/4/2012 18:24;4;352
39314;23/4/2012 18:24;4;353
39315;23/4/2012 18:24;4;354
39316;23/4/2012 18:24;4;356
39317;23/4/2012 18:24;4;357
39318;23/4/2012 18:24;4;358
39319;23/4/2012 18:24;4;360
39320;7/1/2013 16:00;4;361
39321;23/4/2012 18:24;4;363
39322;23/4/2012 18:24;4;364
39323;23/4/2012 18:24;4;366
39324;23/4/2012 18:24;4;367
39325;23/4/2012 18:24;4;368
39326;23/4/2012 18:24;4;370
39327;23/4/2012 18:24;4;371
39328;23/4/2012 18:24;4;373
39329;25/7/2012 14:08;4;374
39330;23/4/2012 18:24;4;376
39331;23/4/2012 18:24;4;377
39332;23/4/2012 18:24;4;378
39333;23/4/2012 18:24;4;379
39334;23/4/2012 18:24;4;380
39335;23/4/2012 18:24;4;382
39336;23/4/2012 18:24;4;383
39337;15/8/2012 2:18;4;385
39338;23/4/2012 18:24;4;386
39339;23/4/2012 18:24;4;388
39340;23/4/2012 18:24;4;389
39341;14/9/2012 5:15;4;390
39342;23/4/2012 18:24;4;392
39343;15/2/2013 2:37;4;393
39344;23/4/2012 18:24;4;394
39345;23/4/2012 18:24;4;396
39346;23/4/2012 18:24;4;397
39347;23/4/2012 18:24;4;398
39348;23/4/2012 18:24;4;399
39349;23/4/2012 18:24;4;400
39350;23/4/2012 18:24;4;401
39351;23/4/2012 18:24;4;403
39352;23/4/2012 18:24;4;404
39353;23/4/2012 18:24;4;406
39354;23/4/2012 18:24;4;408
39355;23/4/2012 18:24;4;409
39356;23/4/2012 18:24;4;411
39357;23/4/2012 18:24;4;413
39358;23/4/2012 18:24;4;415
39359;23/4/2012 18:24;4;418
39360;23/4/2012 18:24;4;419
39361;23/4/2012 18:24;4;420
39362;23/4/2012 18:24;4;423
39363;23/4/2012 18:24;4;425
39364;23/4/2012 18:24;4;426
39365;24/10/2012 16:19;4;429
39366;24/4/2012 10:13;4;430
39367;23/4/2012 18:24;4;433
39368;23/4/2012 18:24;4;434
39369;23/4/2012 18:24;4;435
39370;23/4/2012 18:24;4;436
39371;23/4/2012 18:24;4;439
39372;23/4/2012 18:24;4;441
39373;23/4/2012 18:24;4;445
39374;23/4/2012 18:24;4;446
39375;23/4/2012 18:24;4;449
39376;9/5/2012 19:00;4;450
39377;24/8/2013 8:00;4;451
39378;23/4/2012 18:24;4;454
39379;23/4/2012 18:24;4;455
39380;23/4/2012 18:24;4;457
39381;23/4/2012 18:24;4;459
39382;30/11/2012 11:48;4;462
39383;23/4/2012 18:24;4;463
39384;23/4/2012 18:24;4;466
39385;23/4/2012 18:24;4;467
39386;23/4/2012 18:24;4;469
39387;23/4/2012 18:24;4;470
39388;23/4/2012 18:24;4;472
39389;23/4/2012 18:24;4;475
39390;23/4/2012 18:24;4;476
39391;23/4/2012 18:24;4;479
39392;23/4/2012 18:24;4;482
39393;23/4/2012 18:24;4;483
39394;23/4/2012 18:24;4;486
39395;23/4/2012 18:24;4;488
39396;27/1/2013 10:31;4;490
39397;23/4/2012 18:24;4;492
39398;23/4/2012 18:24;4;494
39399;23/4/2012 18:24;4;496
39400;23/4/2012 18:24;4;498
39401;23/4/2012 18:24;4;499
39402;23/4/2012 18:24;4;502
39403;23/4/2012 18:24;4;503
39404;23/4/2012 18:24;4;506
39405;23/4/2012 18:24;4;507
39406;23/4/2012 18:24;4;510
39407;23/4/2012 18:24;4;511
39408;23/4/2012 18:24;4;513
39409;23/4/2012 18:24;4;514
39410;23/4/2012 18:24;4;516
39411;23/4/2012 18:24;4;518
39412;23/4/2012 18:24;4;526
39413;23/4/2012 18:24;4;527
39414;23/4/2012 18:24;4;529
39415;23/4/2012 18:24;4;532
39416;23/4/2012 18:24;4;534
39417;23/4/2012 18:24;4;536
39418;23/4/2012 18:24;4;538
39419;23/4/2012 18:24;4;539
39420;23/4/2012 18:24;4;542
39421;23/4/2012 18:24;4;543
39422;23/4/2012 18:24;4;544
39423;23/4/2012 18:24;4;545
39424;23/4/2012 18:24;4;548
39425;1/4/2013 3:53;4;550
39426;23/4/2012 18:24;4;552
39427;23/4/2012 18:24;4;553
39428;23/4/2012 18:24;4;555
39429;23/4/2012 18:24;4;556
39430;3/9/2012 13:40;4;558
39431;18/12/2012 14:40;4;561
39432;23/4/2012 18:24;4;562
39433;3/8/2012 13:14;4;565
39434;23/4/2012 18:24;4;566
39435;23/4/2012 18:24;4;568
39436;23/4/2012 18:24;4;570
39437;23/4/2012 18:24;4;572
39438;13/6/2013 3:47;4;574
39439;23/4/2012 18:24;4;576
39440;23/4/2012 18:24;4;578
39441;23/4/2012 18:24;4;579
39442;23/4/2012 18:24;4;582
39443;23/4/2012 18:24;4;584
39444;23/4/2012 18:24;4;587
39445;23/4/2012 18:24;4;588
39446;1/2/2013 1:26;4;589
39447;23/4/2012 18:24;4;592
39448;23/4/2012 18:24;4;593
39449;23/4/2012 18:24;4;595
39450;23/4/2012 18:24;4;597
39451;23/4/2012 18:24;4;598
39452;23/4/2012 18:24;4;601
39453;23/4/2012 18:24;4;603
39454;23/4/2012 18:24;4;605
39455;23/4/2012 18:24;4;607
39456;23/4/2012 18:24;4;610
39457;23/4/2012 18:24;4;611
39458;23/4/2012 18:24;4;612
39459;20/8/2012 20:21;4;614
39460;23/4/2012 18:24;4;616
39461;23/4/2012 18:24;4;618
39462;23/4/2012 18:24;4;620
39463;23/4/2012 18:24;4;622
39464;23/4/2012 18:24;4;623
39465;23/4/2012 18:24;4;625
39466;23/4/2012 18:24;4;627
39467;23/4/2012 18:24;4;629
39468;17/12/2012 3:35;4;630
39469;23/4/2012 18:24;4;632
39470;23/4/2012 18:24;4;633
39471;23/4/2012 18:24;4;635
39472;23/4/2012 18:24;4;636
39473;1/10/2012 19:40;4;637
39474;18/4/2013 17:07;4;639
39475;23/4/2012 18:24;4;642
39476;23/4/2012 18:24;4;643
39477;23/4/2012 18:24;4;646
39478;23/4/2012 18:24;4;647
39479;23/4/2012 18:24;4;650
39480;23/4/2012 18:24;4;651
39481;2/1/2010 0:17;5;67
39482;2/1/2010 0:17;5;79
39483;4/7/2011 18:29;5;94
39484;19/6/2011 8:22;5;111
39485;2/1/2010 0:17;5;118
39486;17/11/2010 4:29;5;135
39487;20/12/2010 5:59;5;136
39488;9/2/2011 2:53;5;141
39489;3/10/2010 1:49;5;145
39490;10/5/2010 1:19;5;166
39491;2/1/2010 0:17;5;178
39492;9/2/2010 14:58;5;190
39493;14/8/2010 8:34;5;212
39494;2/1/2010 0:17;5;228
39495;6/2/2011 22:17;5;232
39496;28/10/2010 4:54;5;254
39497;9/2/2012 4:30;5;256
39498;31/1/2010 12:34;5;289
39499;15/4/2011 14:10;5;310
39500;16/4/2012 7:13;5;316
39501;21/10/2010 6:20;5;326
39502;3/9/2011 16:42;5;332
39503;2/1/2010 0:17;5;343
39504;25/2/2011 5:01;5;346
39505;2/1/2010 0:17;5;351
39506;4/4/2012 3:12;5;352
39507;2/1/2010 0:17;5;357
39508;2/1/2010 0:17;5;360
39509;25/7/2012 14:08;5;374
39510;2/1/2010 0:17;5;401
39511;2/1/2010 0:17;5;404
39512;15/5/2013 1:10;5;414
39513;26/5/2011 15:11;5;416
39514;18/11/2010 10:54;5;468
39515;2/1/2010 0:17;5;480
39516;2/1/2010 0:17;5;487
39517;2/1/2010 0:17;5;498
39518;22/5/2011 20:09;5;514
39519;7/4/2010 12:35;5;539
39520;15/5/2013 19:41;5;563
39521;21/2/2010 8:00;5;564
39522;2/1/2010 0:17;5;588
39523;15/11/2011 15:41;5;603
39524;11/5/2011 11:49;5;611
39525;28/4/2011 4:28;5;633
39526;9/10/2011 5:59;5;634
39527;1/10/2012 19:40;5;637
39528;2/2/2011 6:11;5;642
39529;8/2/2011 10:13;5;646
39530;13/4/2010 0:11;5;673
39531;6/2/2010 18:24;5;703
39532;7/9/2010 21:08;5;706
39533;29/9/2011 23:27;5;760
39534;3/4/2010 18:22;5;801
39535;21/10/2010 17:13;5;802
39536;12/2/2011 0:26;5;822
39537;12/4/2011 11:45;5;834
39538;20/11/2011 19:16;5;875
39539;3/3/2011 12:27;5;883
39540;15/4/2012 4:10;5;969
39541;12/1/2011 6:53;5;980
39542;8/3/2011 0:47;5;989
39543;15/4/2012 5:57;5;998
40547;17/10/2011 18:09;6;10
40548;17/10/2011 18:09;6;26
40549;17/10/2011 18:09;6;33
40550;17/10/2011 18:09;6;73
40551;23/6/2013 6:00;6;90
40552;17/10/2011 18:09;6;91
40553;17/10/2011 18:09;6;101
40554;10/5/2012 10:53;6;125
40555;25/7/2012 14:38;6;205
40556;24/7/2013 4:43;6;221
40557;17/10/2011 18:09;6;222
40558;9/2/2012 4:30;6;256
40559;25/12/2011 9:29;6;281
40560;17/10/2011 18:09;6;284
40561;17/10/2011 18:09;6;290
40562;17/10/2011 18:09;6;315
40563;16/4/2012 7:13;6;316
40564;17/10/2011 18:09;6;320
40565;17/10/2011 18:09;6;327
40566;4/4/2012 3:12;6;352
40567;17/10/2011 18:09;6;356
40568;17/10/2011 18:09;6;360
40569;17/10/2011 18:09;6;373
40570;25/7/2012 14:08;6;374
40571;17/10/2011 18:09;6;388
40572;4/11/2011 13:32;6;394
40573;17/10/2011 18:09;6;404
40574;17/10/2011 18:09;6;406
40575;30/11/2012 11:48;6;462
40576;17/10/2011 18:09;6;479
40577;27/1/2013 10:31;6;490
40578;17/10/2011 18:09;6;516
40579;17/10/2011 18:09;6;529
40580;17/10/2011 18:09;6;538
40581;1/4/2013 3:53;6;550
40582;18/12/2012 14:40;6;561
40583;3/8/2012 13:14;6;565
40584;17/10/2011 18:09;6;595
40585;17/10/2011 18:09;6;632
40586;17/10/2011 18:09;6;699
40587;6/5/2013 4:46;6;704
40588;17/10/2011 18:09;6;709
40589;11/11/2011 9:23;6;722
40590;17/10/2011 18:09;6;737
40591;17/10/2011 18:09;6;742
40592;26/12/2011 6:27;6;755
40593;19/11/2011 3:16;6;776
40594;20/2/2012 4:19;6;793
40595;17/10/2011 18:09;6;794
40596;7/8/2012 2:03;6;807
40597;17/10/2011 18:09;6;811
40598;17/10/2011 18:09;6;812
40599;17/10/2011 18:09;6;819
40600;17/10/2011 18:09;6;842
40601;29/1/2013 21:32;6;846
40602;15/5/2012 7:59;6;850
40603;17/10/2011 18:09;6;851
40604;17/10/2011 18:09;6;856
40605;17/10/2011 18:09;6;898
40606;17/10/2011 18:09;6;903
40607;17/10/2011 18:09;6;907
40608;17/10/2011 18:09;6;920
40609;17/10/2011 18:09;6;921
40610;17/10/2011 18:09;6;926
40611;17/10/2011 18:09;6;952
40612;24/12/2012 20:07;6;964
40613;31/3/2012 15:01;6;965
40614;17/10/2011 18:09;6;968
40615;15/4/2012 4:10;6;969
40616;30/9/2012 10:40;6;975
40617;17/10/2011 18:09;6;977
40618;17/10/2011 18:09;6;980
40619;17/10/2011 18:09;6;986
41000;20/6/2012 16:45;7;6
41001;6/2/2013 17:13;7;66
41002;20/6/2012 16:45;7;73
41003;20/6/2012 16:45;7;117
41004;10/4/2013 18:38;7;197
41005;25/7/2012 14:38;7;205
41006;20/6/2012 16:45;7;222
41007;30/11/2012 0:01;7;275
41008;20/6/2012 16:45;7;284
41009;20/6/2012 16:45;7;315
41010;20/6/2012 16:45;7;319
41011;20/6/2012 16:45;7;351
41012;20/6/2012 16:45;7;357
41013;7/1/2013 16:00;7;361
41014;20/6/2012 16:45;7;364
41015;20/6/2012 16:45;7;370
41016;20/6/2012 16:45;7;388
41017;20/6/2012 16:45;7;397
41018;20/6/2012 16:45;7;404
41019;20/6/2012 16:45;7;419
41020;27/1/2013 10:31;7;490
41021;20/6/2012 16:45;7;516
41022;20/6/2012 16:45;7;529
41023;20/6/2012 16:45;7;538
41024;1/4/2013 3:53;7;550
41025;18/12/2012 14:40;7;561
41026;20/6/2012 16:45;7;595
41027;20/6/2012 16:45;7;635
41028;20/6/2012 16:45;7;726
41029;20/6/2012 16:45;7;733
41030;20/6/2012 16:45;7;740
41031;20/6/2012 16:45;7;794
41032;20/6/2012 16:45;7;829
41033;20/6/2012 16:45;7;896
41034;20/6/2012 16:45;7;898
41035;20/6/2012 16:45;7;907
41036;20/6/2012 16:45;7;912
41037;20/6/2012 16:45;7;965
41038;20/6/2012 16:45;7;969
41039;20/6/2012 16:45;7;973
41040;30/9/2012 10:40;7;975
41041;20/6/2012 16:45;7;982
41363;1/6/2012 18:49;8;130
41364;1/6/2012 18:49;8;166
41365;1/6/2012 18:49;8;193
41366;1/6/2012 18:49;8;208
41367;1/6/2012 18:49;8;215
41368;1/6/2012 18:49;8;217
41369;1/6/2012 18:49;8;220
41370;1/6/2012 18:49;8;232
41371;1/6/2012 18:49;8;254
41372;1/6/2012 18:49;8;256
41373;1/6/2012 18:49;8;283
41374;1/6/2012 18:49;8;289
41375;1/6/2012 18:49;8;298
41376;1/6/2012 18:49;8;310
41377;1/6/2012 18:49;8;316
41378;1/6/2012 18:49;8;350
41379;1/6/2012 18:49;8;352
41380;1/6/2012 18:49;8;357
41381;1/6/2012 18:49;8;358
41382;1/6/2012 18:49;8;360
41383;1/6/2012 18:49;8;373
41384;25/7/2012 14:08;8;374
41385;1/6/2012 18:49;8;397
41386;1/6/2012 18:49;8;401
41387;1/6/2012 18:49;8;406
41388;1/6/2012 18:49;8;412
41389;15/5/2013 1:10;8;414
41390;1/6/2012 18:49;8;420
41391;1/6/2012 18:49;8;424
41392;1/6/2012 18:49;8;427
41393;1/6/2012 18:49;8;435
41394;1/6/2012 18:49;8;443
41395;1/6/2012 18:49;8;446
41396;1/6/2012 18:49;8;464
41397;1/6/2012 18:49;8;468
41398;1/6/2012 18:49;8;476
41399;1/6/2012 18:49;8;494
41400;1/6/2012 18:49;8;498
41401;1/6/2012 18:49;8;536
41402;1/6/2012 18:49;8;549
41403;1/6/2012 18:49;8;577
41404;1/6/2012 18:49;8;585
41405;1/6/2012 18:49;8;603
41406;1/6/2012 18:49;8;612
41407;1/6/2012 18:49;8;633
41408;1/6/2012 18:49;8;634
41409;1/6/2012 18:49;8;646
41410;1/6/2012 18:49;8;650
41411;27/6/2012 5:47;8;671
41412;1/6/2012 18:49;8;675
41413;1/6/2012 18:49;8;683
41414;1/6/2012 18:49;8;684
41415;1/6/2012 18:49;8;688
41416;1/6/2012 18:49;8;703
41417;1/6/2012 18:49;8;708
41418;1/6/2012 18:49;8;712
41419;2/6/2012 23:54;8;716
41420;1/6/2012 18:49;8;731
41421;1/6/2012 18:49;8;735
41422;1/6/2012 18:49;8;739
41423;1/6/2012 18:49;8;744
41424;1/6/2012 18:49;8;748
41425;1/6/2012 18:49;8;753
41426;1/6/2012 18:49;8;758
41427;1/6/2012 18:49;8;760
41428;1/6/2012 18:49;8;766
41429;1/6/2012 18:49;8;770
41430;1/6/2012 18:49;8;774
41431;1/6/2012 18:49;8;779
41432;1/6/2012 18:49;8;783
41433;1/6/2012 18:49;8;784
41434;1/6/2012 18:49;8;787
41435;1/6/2012 18:49;8;788
41436;1/6/2012 18:49;8;791
41437;1/6/2012 18:49;8;799
41438;1/6/2012 18:49;8;808
41439;1/6/2012 18:49;8;813
41440;1/6/2012 18:49;8;817
41441;1/6/2012 18:49;8;822
41442;1/6/2012 18:49;8;826
41443;3/6/2012 3:52;8;831
41444;1/6/2012 18:49;8;834
41445;1/6/2012 18:49;8;838
41446;1/6/2012 18:49;8;843
41447;1/6/2012 18:49;8;848
41448;1/6/2012 18:49;8;853
41449;3/6/2012 4:19;8;857
41450;1/6/2012 18:49;8;861
41451;1/6/2012 18:49;8;865
41452;1/6/2012 18:49;8;870
41453;1/6/2012 18:49;8;875
41454;1/6/2012 18:49;8;879
41455;1/6/2012 18:49;8;883
41456;1/6/2012 18:49;8;887
41457;1/6/2012 18:49;8;891
41458;1/6/2012 18:49;8;895
41459;1/6/2012 18:49;8;901
41460;1/6/2012 18:49;8;905
41461;1/6/2012 18:49;8;910
41462;1/6/2012 18:49;8;913
41463;1/6/2012 18:49;8;917
41464;1/6/2012 18:49;8;925
41465;1/6/2012 18:49;8;928
41466;3/6/2012 6:01;8;932
41467;1/6/2012 18:49;8;937
41468;1/6/2012 18:49;8;941
41469;1/6/2012 18:49;8;945
41470;1/6/2012 18:49;8;949
41471;1/6/2012 18:49;8;953
41472;1/6/2012 18:49;8;958
41473;1/6/2012 18:49;8;962
41474;1/6/2012 18:49;8;966
41475;1/6/2012 18:49;8;969
41476;1/6/2012 18:49;8;974
41477;1/6/2012 18:49;8;979
41478;1/6/2012 18:49;8;980
41479;1/6/2012 18:49;8;982
41480;1/6/2012 18:49;8;983
41481;3/6/2012 8:37;8;987
41482;1/6/2012 18:49;8;991
41483;1/6/2012 18:49;8;993
41484;1/6/2012 18:49;8;995
41485;1/6/2012 18:49;8;998
44223;15/1/2009 15:15;9;33
44224;25/11/2010 9:18;9;55
44225;22/4/2009 23:20;9;72
44226;12/7/2009 17:44;9;118
44227;9/2/2011 2:53;9;141
44228;10/5/2010 1:19;9;166
44229;30/10/2012 13:54;9;214
44230;15/1/2009 15:15;9;224
44231;6/2/2011 22:17;9;232
44232;2/2/2010 21:45;9;238
44233;1/4/2012 16:01;9;249
44234;28/10/2010 4:54;9;254
44235;9/2/2012 4:30;9;256
44236;10/8/2011 5:32;9;291
44237;16/4/2012 7:13;9;316
44238;21/12/2011 0:28;9;339
44239;4/4/2012 3:12;9;352
44240;17/5/2009 16:43;9;357
44241;25/7/2012 14:08;9;374
44242;4/6/2010 12:37;9;389
44243;1/3/2009 13:29;9;401
44244;27/8/2009 6:33;9;404
44245;15/1/2009 15:15;9;420
44246;27/2/2009 9:45;9;434
44247;17/2/2011 2:05;9;476
44248;6/10/2010 2:16;9;486
44249;15/1/2009 15:15;9;487
44250;15/1/2009 15:15;9;496
44251;11/1/2010 8:57;9;502
44252;21/2/2010 8:00;9;564
44253;7/3/2010 16:07;9;584
44254;14/2/2011 20:50;9;585
44255;9/2/2009 13:50;9;588
44256;5/12/2010 14:39;9;595
44257;28/4/2011 4:28;9;633
44258;9/10/2011 5:59;9;634
44259;1/10/2012 19:40;9;637
44260;14/4/2010 17:03;9;678
44261;2/5/2012 18:11;9;763
44262;30/4/2009 11:49;9;828
44263;17/4/2010 19:09;9;837
44264;27/4/2009 18:24;9;853
44265;11/1/2012 6:04;9;884
44266;3/2/2011 9:28;9;899
44267;15/4/2012 4:10;9;969
44268;7/2/2011 9:03;9;974
44269;18/3/2012 1:43;9;976
44270;12/1/2011 6:53;9;980
47343;22/11/2011 20:27;10;14
47344;22/11/2011 20:27;10;19
47345;27/11/2011 15:55;10;20
47346;23/11/2011 18:56;10;21
47347;22/11/2011 20:27;10;33
47348;22/11/2011 20:27;10;34
47349;22/11/2011 20:27;10;36
47350;22/11/2011 20:27;10;38
47351;22/11/2011 20:27;10;39
47352;22/11/2011 20:27;10;43
47353;22/11/2011 20:27;10;45
47354;22/11/2011 20:27;10;47
47355;22/11/2011 20:27;10;48
47356;22/11/2011 20:27;10;50
47357;22/11/2011 20:27;10;52
47358;22/11/2011 20:27;10;54
47359;22/11/2011 20:27;10;55
47360;22/11/2011 20:27;10;56
47361;22/11/2011 20:27;10;67
47362;22/11/2011 20:27;10;69
47363;22/11/2011 20:27;10;72
47364;22/11/2011 20:27;10;74
47365;22/11/2011 20:27;10;77
47366;22/11/2011 20:27;10;80
47367;23/11/2011 0:14;10;83
47368;22/11/2011 20:27;10;86
47369;23/11/2011 0:52;10;89
47370;22/11/2011 20:27;10;92
47371;22/11/2011 20:27;10;94
47372;22/11/2011 20:27;10;97
47373;22/11/2011 20:27;10;100
47374;22/11/2011 20:27;10;103
47375;22/11/2011 20:27;10;106
47376;22/11/2011 20:27;10;111
47377;22/11/2011 20:27;10;113
47378;22/11/2011 20:27;10;114
47379;22/11/2011 20:27;10;116
47380;22/11/2011 20:27;10;118
47381;22/11/2011 20:27;10;120
47382;23/11/2011 2:46;10;127
47383;22/11/2011 20:27;10;130
47384;22/11/2011 20:27;10;131
47385;22/11/2011 20:27;10;132
47386;22/11/2011 20:27;10;133
47387;22/11/2011 20:27;10;134
47388;22/11/2011 20:27;10;135
47389;22/11/2011 20:27;10;137
47390;23/11/2011 4:17;10;138
47391;23/11/2011 3:40;10;139
47392;22/11/2011 20:27;10;140
47393;22/11/2011 20:27;10;141
47394;22/11/2011 20:27;10;143
47395;22/11/2011 20:27;10;144
47396;22/11/2011 20:27;10;145
47397;22/11/2011 20:27;10;146
47398;22/11/2011 20:27;10;147
47399;22/11/2011 20:27;10;149
47400;22/11/2011 20:27;10;150
47401;22/11/2011 20:27;10;151
47402;22/11/2011 20:27;10;152
47403;22/11/2011 20:27;10;153
47404;22/11/2011 20:27;10;154
47405;22/11/2011 20:27;10;155
47406;22/11/2011 20:27;10;156
47407;22/11/2011 20:27;10;157
47408;22/11/2011 20:27;10;158
47409;22/11/2011 20:27;10;159
47410;23/11/2011 7:47;10;160
47411;22/11/2011 20:27;10;161
47412;23/11/2011 7:58;10;162
47413;22/11/2011 20:27;10;163
47414;22/11/2011 20:27;10;165
47415;22/11/2011 20:27;10;166
47416;22/11/2011 20:27;10;167
47417;22/11/2011 20:27;10;168
47418;22/11/2011 20:27;10;169
47419;22/11/2011 20:27;10;170
47420;22/11/2011 20:27;10;172
47421;22/11/2011 20:27;10;173
47422;22/11/2011 20:27;10;174
47423;22/11/2011 20:27;10;175
47424;22/11/2011 20:27;10;176
47425;22/11/2011 20:27;10;177
47426;22/11/2011 20:27;10;178
47427;22/11/2011 20:27;10;180
47428;22/11/2011 20:27;10;181
47429;22/11/2011 20:27;10;182
47430;22/11/2011 20:27;10;183
47431;22/11/2011 20:27;10;184
47432;22/11/2011 20:27;10;185
47433;22/11/2011 20:27;10;186
47434;22/11/2011 20:27;10;190
47435;22/11/2011 20:27;10;192
47436;22/11/2011 20:27;10;195
47437;22/11/2011 20:27;10;196
47438;22/11/2011 20:27;10;200
47439;22/11/2011 20:27;10;203
47440;22/11/2011 20:27;10;206
47441;22/11/2011 20:27;10;209
47442;22/11/2011 20:27;10;212
47443;22/11/2011 20:27;10;216
47444;22/11/2011 20:27;10;220
47445;22/11/2011 20:27;10;223
47446;22/11/2011 20:27;10;225
47447;22/11/2011 20:27;10;226
47448;22/11/2011 20:27;10;229
47449;22/11/2011 20:27;10;233
47450;22/11/2011 20:27;10;236
47451;22/11/2011 20:27;10;238
47452;22/11/2011 20:27;10;239
47453;22/11/2011 20:27;10;242
47454;22/11/2011 20:27;10;245
47455;22/11/2011 20:27;10;250
47456;22/11/2011 20:27;10;251
47457;22/11/2011 20:27;10;253
47458;22/11/2011 20:27;10;254
47459;22/11/2011 20:27;10;257
47460;22/11/2011 20:27;10;260
47461;22/11/2011 20:27;10;263
47462;22/11/2011 20:27;10;267
47463;22/11/2011 20:27;10;270
47464;22/11/2011 20:27;10;273
47465;23/11/2011 17:52;10;279
47466;22/11/2011 20:27;10;282
47467;22/11/2011 20:27;10;285
47468;22/11/2011 20:27;10;287
47469;22/11/2011 20:27;10;288
47470;22/11/2011 20:27;10;292
47471;22/11/2011 20:27;10;295
47472;22/11/2011 20:27;10;298
47473;22/11/2011 20:27;10;302
47474;22/11/2011 20:27;10;303
47475;22/11/2011 20:27;10;306
47476;22/11/2011 20:27;10;307
47477;22/11/2011 20:27;10;310
47478;22/11/2011 20:27;10;312
47479;16/4/2012 7:13;10;316
47480;22/11/2011 20:27;10;318
47481;22/11/2011 20:27;10;321
47482;24/11/2011 0:53;10;324
47483;22/11/2011 20:27;10;326
47484;22/11/2011 20:27;10;329
47485;22/11/2011 20:27;10;333
47486;24/11/2011 1:32;10;337
47487;22/11/2011 20:27;10;341
47488;22/11/2011 20:27;10;344
47489;24/11/2011 3:10;10;347
47490;22/11/2011 20:27;10;350
47491;4/4/2012 3:12;10;352
47492;22/11/2011 20:27;10;355
47493;22/11/2011 20:27;10;358
47494;22/11/2011 20:27;10;359
47495;24/11/2011 5:13;10;362
47496;22/11/2011 20:27;10;365
47497;22/11/2011 20:27;10;369
47498;22/11/2011 20:27;10;372
47499;22/11/2011 20:27;10;373
47500;22/11/2011 20:27;10;375
47501;24/11/2011 11:25;10;381
47502;22/11/2011 20:27;10;384
47503;22/11/2011 20:27;10;387
47504;22/11/2011 20:27;10;391
47505;22/11/2011 20:27;10;395
47506;22/11/2011 20:27;10;420
47507;22/11/2011 20:27;10;422
47508;22/11/2011 20:27;10;426
47509;22/11/2011 20:27;10;428
47510;22/11/2011 20:27;10;432
47511;22/11/2011 20:27;10;437
47512;22/11/2011 20:27;10;442
47513;22/11/2011 20:27;10;448
47514;22/11/2011 20:27;10;452
47515;22/11/2011 20:27;10;456
47516;22/11/2011 20:27;10;460
47517;22/11/2011 20:27;10;465
47518;22/11/2011 20:27;10;468
47519;22/11/2011 20:27;10;474
47520;22/11/2011 20:27;10;478
47521;22/11/2011 20:27;10;484
47522;22/11/2011 20:27;10;486
47523;22/11/2011 20:27;10;487
47524;24/11/2011 15:53;10;491
47525;22/11/2011 20:27;10;497
47526;22/11/2011 20:27;10;500
47527;22/11/2011 20:27;10;505
47528;22/11/2011 20:27;10;508
47529;22/11/2011 20:27;10;512
47530;22/11/2011 20:27;10;517
47531;22/11/2011 20:27;10;525
47532;22/11/2011 20:27;10;530
47533;22/11/2011 20:27;10;535
47534;22/11/2011 20:27;10;537
47535;22/11/2011 20:27;10;541
47536;22/11/2011 20:27;10;546
47537;22/11/2011 20:27;10;554
47538;26/11/2011 1:22;10;559
47539;22/11/2011 20:27;10;564
47540;22/11/2011 20:27;10;569
47541;23/11/2011 14:39;10;573
47542;22/11/2011 20:27;10;576
47543;26/11/2011 8:15;10;581
47544;22/11/2011 20:27;10;586
47545;22/11/2011 20:27;10;603
47546;22/11/2011 20:27;10;604
47547;22/11/2011 20:27;10;608
47548;22/11/2011 20:27;10;613
47549;22/11/2011 20:27;10;617
47550;22/11/2011 20:27;10;622
47551;22/11/2011 20:27;10;628
47552;22/11/2011 20:27;10;629
47553;22/11/2011 20:27;10;634
47554;26/11/2011 22:53;10;640
47555;22/11/2011 20:27;10;645
47556;22/11/2011 20:27;10;651
47557;22/11/2011 20:27;10;655
47558;27/11/2011 12:55;10;658
47559;27/11/2011 14:14;10;660
47560;27/11/2011 19:52;10;662
47561;26/11/2011 5:11;10;665
47562;22/11/2011 20:27;10;666
47563;22/11/2011 20:27;10;668
47564;22/11/2011 20:27;10;673
47565;22/11/2011 20:27;10;675
47566;22/11/2011 20:27;10;676
47567;22/11/2011 20:27;10;678
47568;27/11/2011 1:30;10;680
47569;22/11/2011 20:27;10;682
47570;22/11/2011 20:27;10;685
47571;22/11/2011 20:27;10;686
47572;29/11/2011 21:06;10;687
47573;30/11/2011 5:54;10;688
47574;22/11/2011 20:27;10;689
47575;22/11/2011 20:27;10;690
47576;22/11/2011 20:27;10;691
47577;22/11/2011 20:27;10;692
47578;22/11/2011 20:27;10;694
47579;1/12/2011 2:49;10;695
47580;22/11/2011 20:27;10;696
47581;3/12/2011 17:25;10;698
47582;1/12/2011 6:04;10;701
47583;22/11/2011 20:27;10;706
47584;2/12/2011 9:50;10;707
47585;5/12/2011 5:06;10;711
47586;22/11/2011 20:27;10;715
47587;22/11/2011 20:27;10;719
47588;22/11/2011 20:27;10;723
47589;22/11/2011 20:27;10;728
47590;22/11/2011 20:27;10;734
47591;9/12/2011 10:19;10;738
47592;22/11/2011 20:27;10;746
47593;22/11/2011 20:27;10;756
47594;10/12/2011 21:51;10;761
47595;22/11/2011 20:27;10;767
47596;22/11/2011 20:27;10;771
47597;14/12/2011 21:56;10;775
47598;15/12/2011 3:11;10;778
47599;22/11/2011 20:27;10;784
47600;22/11/2011 20:27;10;788
47601;14/12/2011 2:02;10;792
47602;22/11/2011 20:27;10;794
47603;17/12/2011 9:08;10;796
47604;22/11/2011 20:27;10;800
47605;22/11/2011 20:27;10;805
47606;17/12/2011 23:49;10;810
47607;18/12/2011 4:57;10;814
47608;22/11/2011 20:27;10;818
47609;22/11/2011 20:27;10;827
47610;22/11/2011 20:27;10;830
47611;28/12/2011 8:02;10;835
47612;22/11/2011 20:27;10;845
47613;11/12/2011 23:53;10;849
47614;22/11/2011 20:27;10;854
47615;22/11/2011 20:27;10;862
47616;22/11/2011 20:27;10;863
47617;22/11/2011 20:27;10;867
47618;22/11/2011 20:27;10;872
47619;24/11/2011 4:06;10;876
47620;22/11/2011 20:27;10;880
47621;11/1/2012 6:04;10;884
47622;22/11/2011 20:27;10;888
47623;19/1/2012 12:38;10;892
47624;7/1/2012 12:15;10;906
47625;30/1/2012 23:38;10;911
47626;6/2/2012 17:08;10;915
47627;6/2/2012 15:24;10;919
47628;22/11/2011 20:27;10;929
47629;24/1/2012 18:56;10;933
47630;22/11/2011 20:27;10;938
47631;22/11/2011 20:27;10;942
47632;26/2/2012 15:22;10;946
47633;8/3/2012 11:05;10;950
47634;22/11/2011 20:27;10;955
47635;22/11/2011 20:27;10;959
47636;22/11/2011 20:27;10;963
47637;22/11/2011 20:27;10;967
47638;15/4/2012 4:10;10;969
47639;25/11/2011 5:10;10;972
47640;18/3/2012 1:43;10;976
47641;22/11/2011 20:27;10;980
47642;22/11/2011 20:27;10;981
47643;22/11/2011 20:27;10;985
47644;22/11/2011 20:27;10;989
47645;30/3/2012 16:17;10;992
47646;24/3/2012 12:28;10;994
47647;7/4/2012 5:38;10;996
47648;1/4/2012 1:09;10;999
50472;27/12/2010 7:18;11;15
50473;27/12/2010 7:18;11;55
50474;27/12/2010 7:18;11;144
50475;27/12/2010 7:18;11;175
50476;27/12/2010 7:18;11;178
50477;27/12/2010 7:18;11;212
50478;27/12/2010 7:18;11;217
50479;27/12/2010 7:18;11;224
50480;30/5/2011 4:06;11;229
50481;6/2/2011 22:17;11;232
50482;27/12/2010 7:18;11;234
50483;27/12/2010 7:18;11;235
50484;27/12/2010 7:18;11;254
50485;9/2/2012 4:30;11;256
50486;7/5/2011 17:48;11;260
50487;27/12/2010 7:18;11;276
50488;27/12/2010 7:18;11;284
50489;27/12/2010 7:18;11;296
50490;27/12/2010 7:18;11;300
50491;29/9/2011 13:23;11;302
50492;27/12/2010 7:18;11;304
50493;16/4/2012 7:13;11;316
50494;27/12/2010 7:18;11;343
50495;25/2/2011 5:01;11;346
50496;4/4/2012 3:12;11;352
50497;25/7/2012 14:08;11;374
50498;27/12/2010 7:18;11;377
50499;27/12/2010 7:18;11;388
50500;11/1/2011 3:40;11;397
50501;27/12/2010 7:18;11;401
50502;27/12/2010 7:18;11;406
50503;27/12/2010 7:18;11;419
50504;27/12/2010 7:18;11;434
50505;7/4/2012 20:41;11;445
50506;9/5/2012 19:00;11;450
50507;5/10/2011 13:57;11;470
50508;27/12/2010 7:18;11;472
50509;27/12/2010 7:18;11;486
50510;27/12/2010 7:18;11;496
50511;27/12/2010 7:18;11;542
50512;27/12/2010 7:18;11;543
50513;27/12/2010 7:18;11;548
50514;27/12/2010 7:18;11;570
50515;4/7/2011 10:39;11;578
50516;14/2/2011 20:50;11;585
50517;27/12/2010 7:18;11;588
50518;27/12/2010 7:18;11;595
50519;15/11/2011 15:41;11;603
50520;11/5/2011 11:49;11;611
50521;27/12/2010 7:18;11;625
50522;27/12/2010 7:18;11;636
50523;1/10/2012 19:40;11;637
50524;27/12/2010 7:18;11;651
50525;27/12/2010 7:18;11;706
50526;20/9/2011 0:18;11;725
50527;27/12/2010 7:18;11;749
50528;29/9/2011 23:27;11;760
50529;2/5/2012 18:11;11;763
50530;18/5/2011 19:32;11;806
50531;27/12/2010 7:18;11;809
50532;3/6/2011 17:19;11;812
50533;27/12/2010 7:18;11;855
50534;27/12/2010 7:18;11;860
50535;27/12/2010 7:18;11;870
50536;11/1/2012 6:04;11;884
50537;24/3/2012 19:05;11;912
50538;27/12/2010 7:18;11;920
50539;27/12/2010 7:18;11;982
51902;28/12/2010 22:40;12;118
51903;25/2/2011 0:34;12;130
51904;28/12/2010 22:40;12;190
51905;12/11/2011 3:17;12;192
51906;9/2/2012 4:30;12;256
51907;16/4/2012 7:13;12;316
51908;4/4/2012 3:12;12;352
51909;28/12/2010 22:40;12;486
51910;11/1/2012 6:04;12;884
51911;28/12/2010 22:40;12;942
51912;15/4/2012 4:10;12;969
51913;18/3/2012 1:43;12;976
51914;12/1/2011 6:53;12;980
52432;25/4/2009 15:27;289;116
52433;25/2/2011 0:34;289;130
52434;23/11/2011 3:40;289;139
52435;10/5/2010 1:19;289;166
52436;18/11/2011 2:14;289;200
52437;16/4/2012 7:13;289;316
52438;4/4/2012 3:12;289;352
52439;25/7/2012 14:08;289;374
52440;1/3/2009 13:29;289;401
52441;27/2/2009 9:45;289;434
52442;6/10/2010 2:16;289;486
52443;15/4/2012 4:10;289;969
52444;12/1/2011 6:53;289;980
54335;19/12/2010 14:16;454;74
54336;19/6/2011 8:22;454;111
54337;7/1/2011 10:29;454;131
54338;19/12/2010 14:16;454;163
54339;19/12/2010 14:16;454;166
54340;1/7/2011 9:23;454;177
54341;19/12/2010 14:16;454;187
54342;20/7/2011 18:13;454;196
54343;6/7/2011 18:45;454;202
54344;19/12/2010 14:16;454;212
54345;19/12/2010 14:16;454;217
54346;19/12/2010 14:16;454;289
54347;16/4/2012 7:13;454;316
54348;25/2/2011 5:01;454;346
54349;4/4/2012 3:12;454;352
54350;19/12/2010 14:16;454;353
54351;19/12/2010 14:16;454;357
54352;2/2/2011 5:42;454;363
54353;19/12/2010 14:16;454;420
54354;19/12/2010 14:16;454;449
54355;19/12/2010 14:16;454;483
54356;19/12/2010 14:16;454;486
54357;19/12/2010 14:16;454;494
54358;19/5/2011 0:12;454;499
54359;22/5/2011 20:09;454;514
54360;19/12/2010 14:16;454;564
54361;19/12/2010 14:16;454;588
54362;15/11/2011 15:41;454;603
54363;9/10/2011 5:59;454;634
54364;19/12/2010 14:16;454;673
54365;19/12/2010 14:16;454;736
54366;12/2/2011 0:26;454;822
54367;19/12/2010 14:16;454;841
54368;19/12/2010 14:16;454;853
54369;19/12/2010 14:16;454;898
55185;9/1/2011 8:41;3437;153
55186;25/7/2012 14:38;3437;205
55187;9/1/2011 8:41;3437;212
55188;17/9/2011 14:26;3437;215
55189;9/1/2011 8:41;3437;217
55190;9/1/2011 8:41;3437;224
55191;25/9/2011 5:37;3437;225
55192;13/5/2011 1:50;3437;236
55193;9/1/2011 8:41;3437;241
55194;9/2/2012 4:30;3437;256
55195;24/3/2011 20:45;3437;267
55196;9/1/2011 8:41;3437;289
55197;9/1/2011 8:41;3437;300
55198;15/4/2011 14:10;3437;310
55199;16/4/2012 7:13;3437;316
55200;9/1/2011 8:41;3437;328
55201;4/4/2012 3:12;3437;352
55202;9/1/2011 8:41;3437;357
55203;7/11/2011 0:59;3437;358
55204;9/1/2011 8:41;3437;365
55205;9/1/2011 8:41;3437;396
55206;9/1/2011 8:41;3437;401
55207;9/1/2011 8:41;3437;419
55208;2/5/2012 5:02;3437;427
55209;9/1/2011 8:41;3437;434
55210;9/1/2011 8:41;3437;448
55211;9/1/2011 8:41;3437;449
55212;5/10/2011 13:57;3437;470
55213;9/1/2011 8:41;3437;486
55214;9/1/2011 8:41;3437;556
55215;14/2/2011 20:50;3437;585
55216;9/1/2011 8:41;3437;588
55217;9/1/2011 8:41;3437;598
55218;9/1/2011 8:41;3437;612
55219;9/1/2011 8:41;3437;636
55220;9/1/2011 8:41;3437;768
55221;9/1/2011 8:41;3437;794
55222;9/1/2011 8:41;3437;809
55223;9/1/2011 8:41;3437;853
55224;9/1/2011 8:41;3437;882
55225;12/11/2011 14:43;3437;966
55226;12/1/2011 6:53;3437;980
55770;27/4/2009 13:09;3750;33
55771;12/7/2009 17:44;3750;118
55772;25/2/2011 0:34;3750;130
55773;27/4/2009 13:09;3750;224
55774;15/4/2011 14:10;3750;310
55775;16/4/2012 7:13;3750;316
55776;4/4/2012 3:12;3750;352
55777;27/4/2009 13:09;3750;355
55778;25/7/2012 14:08;3750;374
55779;27/4/2009 13:09;3750;401
55780;10/8/2011 11:51;3750;409
55781;27/4/2009 13:09;3750;420
55782;6/10/2010 2:16;3750;486
55783;22/7/2009 4:37;3750;494
55784;27/4/2009 13:09;3750;496
55785;27/4/2009 13:09;3750;498
55786;27/4/2009 13:09;3750;542
55787;14/2/2011 20:50;3750;585
55788;24/4/2010 22:37;3750;592
55789;15/11/2011 15:41;3750;603
55790;25/10/2010 19:55;3750;683
55791;12/1/2012 3:30;3750;753
55792;9/2/2010 10:29;3750;855
55793;24/6/2010 0:11;3750;870
55794;15/4/2012 4:10;3750;969
55795;22/6/2011 9:05;3750;981
55796;27/4/2009 13:09;3750;982
56211;24/11/2010 5:43;5326;101
56212;7/12/2008 15:14;5326;224
56213;30/5/2011 4:06;5326;229
56214;31/3/2008 18:20;5326;248
56215;9/2/2012 4:30;5326;256
56216;13/10/2010 2:28;5326;261
56217;29/4/2010 2:28;5326;304
56218;15/4/2011 14:10;5326;310
56219;16/4/2012 7:13;5326;316
56220;4/4/2012 3:12;5326;352
56221;17/5/2009 16:43;5326;357
56222;25/7/2012 14:08;5326;374
56223;1/3/2009 13:29;5326;401
56224;14/7/2009 17:38;5326;419
56225;27/2/2009 9:45;5326;434
56226;6/10/2010 2:16;5326;486
56227;7/4/2010 12:35;5326;539
56228;31/3/2008 18:20;5326;542
56229;14/2/2011 20:50;5326;585
56230;9/2/2009 13:50;5326;588
56231;15/11/2011 15:41;5326;603
56232;11/6/2009 19:15;5326;651
56233;9/4/2008 19:58;5326;882
56234;12/2/2012 11:01;5326;958
56235;15/4/2012 4:10;5326;969
56236;12/1/2011 6:53;5326;980
56774;21/3/2009 21:32;7242;79
56775;21/3/2009 21:32;7242;95
56776;9/2/2011 2:53;7242;141
56777;1/9/2010 7:05;7242;153
56778;10/5/2010 1:19;7242;166
56779;21/3/2009 21:32;7242;178
56780;28/2/2010 18:01;7242;189
56781;30/11/2010 7:22;7242;207
56782;14/8/2010 8:34;7242;212
56783;21/3/2009 21:32;7242;224
56784;25/9/2011 5:37;7242;225
56785;30/5/2011 4:06;7242;229
56786;6/2/2011 22:17;7242;232
56787;1/4/2012 16:01;7242;249
56788;3/2/2011 21:19;7242;251
56789;9/2/2012 4:30;7242;256
56790;31/1/2010 12:34;7242;289
56791;10/8/2011 5:32;7242;291
56792;15/6/2010 8:51;7242;292
56793;20/7/2009 10:34;7242;296
56794;3/5/2010 12:07;7242;297
56795;20/1/2010 19:31;7242;300
56796;15/4/2011 14:10;7242;310
56797;16/4/2012 7:13;7242;316
56798;10/6/2010 10:14;7242;318
56799;21/3/2009 21:32;7242;345
56800;4/4/2012 3:12;7242;352
56801;6/4/2009 5:06;7242;353
56802;21/3/2009 21:32;7242;355
56803;17/5/2009 16:43;7242;357
56804;25/7/2012 14:08;7242;374
56805;4/6/2010 12:37;7242;389
56806;21/3/2009 21:32;7242;401
56807;27/8/2009 6:33;7242;404
56808;21/3/2009 21:32;7242;420
56809;16/7/2010 12:29;7242;426
56810;21/3/2009 21:32;7242;434
56811;30/9/2010 2:46;7242;448
56812;6/10/2010 2:16;7242;486
56813;21/3/2009 21:32;7242;487
56814;21/3/2009 21:32;7242;496
56815;21/3/2009 21:32;7242;498
56816;11/1/2010 8:57;7242;502
56817;21/3/2009 21:32;7242;510
56818;22/5/2011 20:09;7242;514
56819;26/6/2009 22:47;7242;529
56820;21/3/2009 21:32;7242;536
56821;1/9/2009 5:12;7242;537
56822;21/3/2009 21:32;7242;542
56823;21/2/2010 8:00;7242;564
56824;22/9/2009 15:55;7242;566
56825;14/2/2011 20:50;7242;585
56826;21/3/2009 21:32;7242;588
56827;24/8/2010 23:49;7242;593
56828;5/12/2010 14:39;7242;595
56829;11/5/2011 11:49;7242;611
56830;1/10/2012 19:40;7242;637
56831;11/6/2009 19:15;7242;651
56832;6/2/2010 18:24;7242;703
56833;7/9/2010 21:08;7242;706
56834;21/3/2009 21:32;7242;718
56835;2/5/2012 18:11;7242;763
56836;22/6/2010 0:58;7242;766
56837;21/10/2010 17:13;7242;802
56838;12/2/2011 0:26;7242;822
56839;21/3/2009 21:32;7242;841
56840;27/4/2009 18:24;7242;853
56841;3/3/2011 12:27;7242;883
56842;24/3/2012 19:05;7242;912
56843;3/4/2010 22:39;7242;920
56844;21/6/2010 21:59;7242;936
56845;19/12/2011 8:24;7242;941
56846;15/4/2012 4:10;7242;969
56847;12/1/2011 6:53;7242;980
56848;22/6/2011 9:05;7242;981
58887;15/9/2010 13:59;7427;118
58888;15/9/2010 13:59;7427;133
58889;6/7/2011 18:45;7427;202
58890;15/9/2010 13:59;7427;212
58891;15/9/2010 13:59;7427;217
58892;15/9/2010 13:59;7427;224
58893;25/9/2011 5:37;7427;225
58894;15/9/2010 13:59;7427;238
58895;9/2/2012 4:30;7427;256
58896;16/2/2011 6:03;7427;273
58897;24/2/2011 13:28;7427;277
58898;10/5/2011 14:48;7427;285
58899;15/9/2010 13:59;7427;297
58900;15/9/2010 13:59;7427;300
58901;15/9/2010 13:59;7427;304
58902;15/4/2011 14:10;7427;310
58903;16/4/2012 7:13;7427;316
58904;4/10/2010 14:44;7427;338
58905;15/9/2010 13:59;7427;345
58906;15/9/2010 13:59;7427;349
58907;4/4/2012 3:12;7427;352
58908;15/9/2010 13:59;7427;360
58909;2/2/2011 5:42;7427;363
58910;15/9/2010 13:59;7427;373
58911;25/7/2012 14:08;7427;374
58912;15/9/2010 13:59;7427;388
58913;11/1/2011 3:40;7427;397
58914;15/9/2010 13:59;7427;401
58915;15/9/2010 13:59;7427;420
58916;15/9/2010 13:59;7427;441
58917;27/9/2010 16:50;7427;459
58918;15/9/2010 13:59;7427;483
58919;6/10/2010 2:16;7427;486
58920;15/9/2010 13:59;7427;498
58921;15/9/2010 13:59;7427;511
58922;22/5/2011 20:09;7427;514
58923;15/9/2010 13:59;7427;539
58924;15/9/2010 13:59;7427;553
58925;15/9/2010 13:59;7427;566
58926;15/9/2010 13:59;7427;588
58927;5/12/2010 14:39;7427;595
58928;15/11/2011 15:41;7427;603
58929;15/9/2010 13:59;7427;625
58930;28/4/2011 4:28;7427;633
58931;9/10/2011 5:59;7427;634
58932;15/9/2010 13:59;7427;636
58933;15/9/2010 13:59;7427;651
58934;15/9/2010 13:59;7427;694
58935;15/9/2010 13:59;7427;706
58936;15/9/2010 13:59;7427;768
58937;15/9/2010 13:59;7427;771
58938;15/9/2010 13:59;7427;798
58939;1/3/2011 7:37;7427;820
58940;15/9/2010 13:59;7427;828
58941;15/9/2010 13:59;7427;837
58942;15/9/2010 13:59;7427;847
58943;15/9/2010 13:59;7427;853
58944;15/9/2010 13:59;7427;864
58945;20/11/2011 19:16;7427;875
58946;15/9/2010 13:59;7427;877
58947;11/3/2011 15:41;7427;963
58948;12/1/2011 6:53;7427;980
58949;15/9/2010 13:59;7427;982
59513;9/2/2011 2:53;8955;141
59514;1/9/2010 7:05;8955;153
59515;24/4/2009 21:34;8955;224
59516;30/5/2011 4:06;8955;229
59517;10/8/2011 5:32;8955;291
59518;15/4/2011 14:10;8955;310
59519;16/4/2012 7:13;8955;316
59520;4/4/2012 3:12;8955;352
59521;17/5/2009 16:43;8955;357
59522;24/4/2009 21:34;8955;401
59523;9/9/2009 23:36;8955;412
59524;6/10/2010 2:16;8955;486
59525;24/4/2009 21:34;8955;487
59526;11/1/2010 8:57;8955;502
59527;24/4/2009 21:34;8955;536
59528;14/2/2011 20:50;8955;585
59529;24/8/2010 23:49;8955;593
59530;13/1/2010 18:57;8955;598
59531;15/11/2011 15:41;8955;603
59532;7/4/2011 6:39;8955;655
59533;6/2/2010 18:24;8955;703
59534;7/9/2010 21:08;8955;706
59535;11/5/2009 6:43;8955;757
59536;3/4/2010 18:22;8955;801
59537;21/10/2010 17:13;8955;802
59538;12/2/2011 0:26;8955;822
59539;3/3/2011 12:27;8955;883
59540;19/12/2011 8:24;8955;941
59541;15/4/2012 4:10;8955;969
59542;12/1/2011 6:53;8955;980
59543;8/3/2011 0:47;8955;989
60288;8/3/2011 9:02;9215;158
60289;4/6/2011 9:14;9215;206
60290;28/10/2010 4:54;9215;254
60291;15/6/2010 8:51;9215;292
60292;21/10/2009 19:55;9215;293
60293;29/4/2010 2:28;9215;304
60294;16/4/2012 7:13;9215;316
60295;24/9/2010 21:24;9215;322
60296;21/10/2009 19:55;9215;323
60297;4/4/2012 3:12;9215;352
60298;25/7/2012 14:08;9215;374
60299;11/1/2011 3:40;9215;397
60300;21/10/2009 19:55;9215;420
60301;21/10/2009 19:55;9215;449
60302;24/6/2010 15:33;9215;457
60303;7/4/2010 12:35;9215;539
60304;30/7/2010 12:40;9215;543
60305;21/10/2009 19:55;9215;548
60306;21/10/2009 19:55;9215;588
60307;11/8/2011 19:39;9215;604
60308;28/4/2011 4:28;9215;633
60309;27/5/2010 18:06;9215;636
60310;12/2/2010 23:53;9215;643
60311;7/9/2010 21:08;9215;706
60312;2/5/2012 18:11;9215;763
60313;21/10/2009 19:55;9215;768
60314;18/3/2012 1:43;9215;976
60315;12/1/2011 6:53;9215;980
60639;10/9/2010 14:17;9636;50
60640;10/9/2010 14:17;9636;107
60641;10/9/2010 14:17;9636;153
60642;10/9/2010 14:17;9636;166
60643;10/9/2010 14:17;9636;217
60644;10/9/2010 14:17;9636;224
60645;9/2/2012 4:30;9636;256
60646;16/4/2012 7:13;9636;316
60647;10/9/2010 14:17;9636;336
60648;10/9/2010 14:17;9636;349
60649;4/4/2012 3:12;9636;352
60650;10/9/2010 14:17;9636;355
60651;13/6/2011 11:22;9636;356
60652;10/9/2010 14:17;9636;357
60653;7/11/2011 0:59;9636;358
60654;10/9/2010 14:17;9636;360
60655;2/2/2011 5:42;9636;363
60656;25/7/2012 14:08;9636;374
60657;10/9/2010 14:17;9636;401
60658;10/9/2010 14:17;9636;404
60659;10/9/2010 14:17;9636;449
60660;5/10/2011 13:57;9636;470
60661;6/10/2010 2:16;9636;486
60662;10/9/2010 14:17;9636;487
60663;10/9/2010 14:17;9636;588
60664;5/12/2010 14:39;9636;595
60665;11/5/2011 11:49;9636;611
60666;10/9/2010 14:17;9636;726
60667;10/9/2010 14:17;9636;764
60668;15/4/2012 4:10;9636;969
60669;12/1/2011 6:53;9636;980
61115;24/3/2011 21:05;10380;248
61116;16/4/2012 7:13;10380;316
61117;4/4/2012 3:12;10380;352
61118;24/3/2011 21:05;10380;353
61119;24/3/2011 21:05;10380;401
61120;7/4/2012 20:41;10380;445
61121;24/3/2011 21:05;10380;486
61122;24/3/2011 21:05;10380;543
61123;18/5/2011 19:32;10380;806
61124;24/3/2011 21:05;10380;853
61125;24/3/2011 21:05;10380;882
61126;24/3/2011 21:05;10380;898
61361;29/3/2011 19:10;10593;178
61362;29/3/2011 19:10;10593;212
61363;29/3/2011 19:10;10593;224
61364;29/3/2011 19:10;10593;242
61365;29/3/2011 19:10;10593;293
61366;15/4/2011 14:10;10593;310
61367;16/4/2012 7:13;10593;316
61368;29/3/2011 19:10;10593;323
61369;4/4/2012 3:12;10593;352
61370;25/7/2012 14:08;10593;374
61371;29/3/2011 19:10;10593;401
61372;29/3/2011 19:10;10593;420
61373;29/3/2011 19:10;10593;459
61374;29/3/2011 19:10;10593;486
61375;29/3/2011 19:10;10593;492
61376;29/3/2011 19:10;10593;510
61377;29/3/2011 19:10;10593;584
61378;29/3/2011 19:10;10593;598
61379;15/11/2011 15:41;10593;603
61380;11/5/2011 11:49;10593;611
61381;9/10/2011 5:59;10593;634
61382;19/11/2011 17:32;10593;675
61383;29/3/2011 19:10;10593;683
61384;26/8/2011 7:29;10593;748
61385;29/3/2011 19:10;10593;757
61386;29/3/2011 19:10;10593;853
61387;15/4/2012 4:10;10593;969
61388;29/3/2011 19:10;10593;980
61918;14/8/2010 8:34;12976;212
61919;11/1/2010 13:35;12976;224
61920;30/5/2011 4:06;12976;229
61921;24/2/2011 13:28;12976;277
61922;20/1/2010 19:31;12976;300
61923;16/4/2012 7:13;12976;316
61924;3/9/2011 16:42;12976;332
61925;4/4/2012 3:12;12976;352
61926;11/1/2010 13:35;12976;434
61927;11/1/2010 13:35;12976;449
61928;11/1/2010 13:35;12976;537
61929;11/1/2010 13:35;12976;556
62131;4/9/2010 4:47;13566;217
62132;16/4/2012 7:13;13566;316
62133;4/4/2012 3:12;13566;352
62134;7/6/2011 18:17;13566;371
62135;25/7/2012 14:08;13566;374
62136;27/9/2010 16:50;13566;459
62137;6/10/2010 2:16;13566;486
62138;22/7/2010 16:06;13566;588
62139;20/8/2012 20:21;13566;614
62140;20/3/2011 3:30;13566;739
62141;22/7/2010 16:06;13566;794
62142;22/7/2010 16:06;13566;860
62143;22/7/2010 16:06;13566;970
62395;7/2/2011 22:19;14328;39
62396;7/2/2011 22:19;14328;107
62397;7/2/2011 22:19;14328;118
62398;9/2/2012 4:30;14328;256
62399;7/2/2011 22:19;14328;276
62400;7/2/2011 22:19;14328;304
62401;16/4/2012 7:13;14328;316
62402;4/4/2012 3:12;14328;352
62403;25/7/2012 14:08;14328;374
62404;7/2/2011 22:19;14328;449
62405;7/2/2011 22:19;14328;459
62406;7/2/2011 22:19;14328;598
62407;20/3/2011 3:30;14328;739
62408;7/2/2011 22:19;14328;786
62557;4/4/2012 3:12;14912;352
62558;25/7/2012 14:08;14912;374
62559;6/2/2010 14:17;14912;449
62560;6/2/2010 14:17;14912;786
62664;2/3/2010 10:05;15974;39
62665;4/4/2012 3:12;15974;352
62777;12/8/2011 0:27;16134;151
62778;12/8/2011 0:27;16134;248
62779;12/8/2011 0:27;16134;291
62780;12/8/2011 0:27;16134;312
62781;16/4/2012 7:13;16134;316
62782;12/8/2011 0:27;16134;326
62783;4/4/2012 3:12;16134;352
62784;25/7/2012 14:08;16134;374
62785;12/8/2011 0:27;16134;379
62786;12/8/2011 0:27;16134;389
62787;12/8/2011 0:27;16134;449
62788;12/8/2011 0:27;16134;514
62789;12/8/2011 0:27;16134;542
62790;12/8/2011 0:27;16134;721
62791;12/8/2011 0:27;16134;750
62792;12/8/2011 0:27;16134;764
62793;12/8/2011 0:27;16134;786
62921;17/9/2011 5:55;16402;30
62922;17/9/2011 5:55;16402;37
62923;17/9/2011 5:55;16402;56
62924;17/9/2011 5:55;16402;73
62925;17/9/2011 5:55;16402;79
62926;17/9/2011 5:55;16402;207
62927;17/9/2011 5:55;16402;212
62928;17/9/2011 5:55;16402;217
62929;17/9/2011 5:55;16402;224
62930;25/9/2011 5:37;16402;225
62931;17/9/2011 5:55;16402;232
62932;17/9/2011 5:55;16402;235
62933;17/9/2011 5:55;16402;237
62934;17/9/2011 5:55;16402;241
62935;17/9/2011 5:55;16402;244
62936;17/9/2011 5:55;16402;254
62937;9/2/2012 4:30;16402;256
62938;17/9/2011 5:55;16402;261
62939;17/9/2011 5:55;16402;267
62940;17/9/2011 5:55;16402;273
62941;17/9/2011 5:55;16402;276
62942;17/9/2011 5:55;16402;277
62943;17/9/2011 5:55;16402;286
62944;17/9/2011 5:55;16402;289
62945;17/9/2011 5:55;16402;290
62946;17/9/2011 5:55;16402;291
62947;17/9/2011 5:55;16402;297
62948;17/9/2011 5:55;16402;300
62949;29/9/2011 13:23;16402;302
62950;17/9/2011 5:55;16402;304
62951;17/9/2011 5:55;16402;305
62952;16/4/2012 7:13;16402;316
62953;17/9/2011 5:55;16402;322
62954;17/9/2011 5:55;16402;346
62955;17/9/2011 5:55;16402;349
62956;17/9/2011 5:55;16402;351
62957;4/4/2012 3:12;16402;352
62958;17/9/2011 5:55;16402;360
62959;17/9/2011 5:55;16402;363
62960;17/9/2011 5:55;16402;370
62961;17/9/2011 5:55;16402;373
62962;25/7/2012 14:08;16402;374
62963;17/9/2011 5:55;16402;376
62964;17/9/2011 5:55;16402;388
62965;17/9/2011 5:55;16402;396
62966;17/9/2011 5:55;16402;401
62967;17/9/2011 5:55;16402;404
62968;6/2/2012 14:26;16402;415
62969;17/9/2011 5:55;16402;419
62970;17/9/2011 5:55;16402;420
62971;17/9/2011 5:55;16402;423
62972;17/9/2011 5:55;16402;434
62973;17/9/2011 5:55;16402;435
62974;17/9/2011 5:55;16402;441
62975;17/9/2011 5:55;16402;456
62976;17/9/2011 5:55;16402;483
62977;17/9/2011 5:55;16402;492
62978;17/9/2011 5:55;16402;496
62979;17/9/2011 5:55;16402;502
62980;17/9/2011 5:55;16402;506
62981;17/9/2011 5:55;16402;513
62982;17/9/2011 5:55;16402;529
62983;17/9/2011 5:55;16402;536
62984;17/9/2011 5:55;16402;539
62985;17/9/2011 5:55;16402;542
62986;13/1/2012 19:11;16402;544
62987;17/9/2011 5:55;16402;548
62988;17/9/2011 5:55;16402;562
62989;17/9/2011 5:55;16402;564
62990;17/9/2011 5:55;16402;566
62991;17/9/2011 5:55;16402;570
62992;17/9/2011 5:55;16402;576
62993;17/9/2011 5:55;16402;582
62994;17/9/2011 5:55;16402;588
62995;17/9/2011 5:55;16402;592
62996;17/9/2011 5:55;16402;593
62997;17/9/2011 5:55;16402;595
62998;17/9/2011 5:55;16402;598
62999;15/11/2011 15:41;16402;603
63000;17/9/2011 5:55;16402;605
63001;17/9/2011 5:55;16402;611
63002;20/8/2012 20:21;16402;614
63003;17/9/2011 5:55;16402;636
63004;17/9/2011 5:55;16402;643
63005;17/9/2011 5:55;16402;650
63006;17/9/2011 5:55;16402;706
63007;17/9/2011 5:55;16402;726
63008;17/9/2011 5:55;16402;733
63009;17/9/2011 5:55;16402;739
63010;17/9/2011 5:55;16402;745
63011;17/9/2011 5:55;16402;750
63012;17/9/2011 5:55;16402;757
63013;29/9/2011 23:27;16402;760
63014;2/5/2012 18:11;16402;763
63015;17/9/2011 5:55;16402;764
63016;17/9/2011 5:55;16402;770
63017;17/9/2011 5:55;16402;788
63018;17/9/2011 5:55;16402;801
63019;17/9/2011 5:55;16402;809
63020;17/9/2011 5:55;16402;822
63021;17/9/2011 5:55;16402;827
63022;17/9/2011 5:55;16402;837
63023;17/9/2011 5:55;16402;841
63024;17/9/2011 5:55;16402;853
63025;17/9/2011 5:55;16402;863
63026;4/5/2013 3:38;16402;869
63027;17/9/2011 5:55;16402;870
63028;20/11/2011 19:16;16402;875
63029;17/9/2011 5:55;16402;882
63030;17/9/2011 5:55;16402;890
63031;17/9/2011 5:55;16402;899
63032;17/9/2011 5:55;16402;916
63033;28/11/2011 16:54;16402;922
63034;16/1/2012 21:49;16402;943
63035;15/4/2012 4:10;16402;969
63036;17/9/2011 5:55;16402;974
63037;17/9/2011 5:55;16402;980
63038;17/9/2011 5:55;16402;990
64181;8/2/2010 12:20;17515;33
64182;12/5/2010 4:16;17515;49
64183;8/2/2010 12:20;17515;58
64184;8/2/2010 12:20;17515;79
64185;9/2/2011 2:53;17515;141
64186;10/5/2010 1:19;17515;166
64187;25/7/2012 14:38;17515;205
64188;30/11/2010 7:22;17515;207
64189;8/2/2010 12:20;17515;224
64190;6/2/2011 22:17;17515;232
64191;8/2/2010 12:20;17515;234
64192;9/2/2012 4:30;17515;256
64193;10/8/2011 5:32;17515;291
64194;8/2/2010 12:20;17515;296
64195;3/5/2010 12:07;17515;297
64196;8/2/2010 12:20;17515;300
64197;16/4/2012 7:13;17515;316
64198;8/2/2010 12:20;17515;345
64199;25/2/2011 5:01;17515;346
64200;4/4/2012 3:12;17515;352
64201;8/2/2010 12:20;17515;357
64202;25/7/2012 14:08;17515;374
64203;8/2/2010 12:20;17515;388
64204;4/6/2010 12:37;17515;389
64205;8/2/2010 12:20;17515;401
64206;8/2/2010 12:20;17515;404
64207;8/2/2010 12:20;17515;419
64208;17/2/2010 8:35;17515;423
64209;8/2/2010 12:20;17515;434
64210;9/5/2012 19:00;17515;450
64211;5/10/2011 13:57;17515;470
64212;8/2/2010 12:20;17515;482
64213;21/3/2010 13:25;17515;483
64214;6/10/2010 2:16;17515;486
64215;8/2/2010 12:20;17515;492
64216;22/5/2011 20:09;17515;514
64217;8/2/2010 12:20;17515;529
64218;30/7/2010 12:40;17515;543
64219;8/2/2010 12:20;17515;548
64220;8/2/2010 12:20;17515;556
64221;18/12/2010 22:17;17515;562
64222;20/7/2010 22:42;17515;576
64223;24/4/2010 22:37;17515;592
64224;24/8/2010 23:49;17515;593
64225;5/12/2010 14:39;17515;595
64226;1/10/2012 19:40;17515;637
64227;8/2/2010 12:20;17515;651
64228;7/9/2010 21:08;17515;706
64229;8/2/2010 12:20;17515;718
64230;16/2/2012 10:00;17515;747
64231;8/2/2010 12:20;17515;757
64232;8/2/2010 12:20;17515;833
64233;8/2/2010 12:20;17515;853
64234;8/2/2010 12:20;17515;890
64235;28/10/2010 0:35;17515;898
64236;15/4/2012 4:10;17515;969
64237;12/1/2011 6:53;17515;980
64238;8/2/2010 12:20;17515;982
64960;7/3/2011 16:28;17566;156
64961;7/3/2011 16:28;17566;181
64962;1/4/2012 16:01;17566;249
64963;7/3/2011 16:28;17566;254
64964;16/4/2012 7:13;17566;316
64965;4/4/2012 3:12;17566;352
64966;7/3/2011 16:28;17566;404
64967;7/3/2011 16:28;17566;434
64968;7/3/2011 16:28;17566;463
64969;5/10/2011 13:57;17566;470
64970;7/3/2011 16:28;17566;610
64971;7/3/2011 16:28;17566;764
64972;7/3/2011 16:28;17566;787
64973;7/3/2011 16:28;17566;802
64974;7/3/2011 16:28;17566;864
65269;25/10/2010 6:41;19580;156
65270;10/5/2010 15:17;19580;166
65271;10/5/2010 15:17;19580;181
65272;10/5/2010 15:17;19580;288
65273;16/4/2012 7:13;19580;316
65274;4/4/2012 3:12;19580;352
65275;26/4/2011 8:19;19580;375
65276;10/5/2010 15:17;19580;539
65277;9/8/2010 10:53;19580;610
65278;21/10/2010 17:13;19580;802
65502;29/6/2010 18:03;19786;52
65503;25/11/2010 9:18;19786;55
65504;6/8/2010 5:16;19786;144
65505;29/6/2010 18:03;19786;154
65506;29/6/2010 18:03;19786;166
65507;21/4/2011 1:06;19786;208
65508;4/9/2010 4:47;19786;217
65509;25/4/2011 17:17;19786;237
65510;29/6/2010 18:03;19786;244
65511;28/10/2010 4:54;19786;254
65512;9/2/2012 4:30;19786;256
65513;29/6/2010 18:03;19786;286
65514;10/8/2011 5:32;19786;291
65515;29/6/2010 18:03;19786;296
65516;16/4/2012 7:13;19786;316
65517;24/9/2010 21:24;19786;322
65518;4/4/2012 3:12;19786;352
65519;29/6/2010 18:03;19786;355
65520;29/6/2010 18:03;19786;420
65521;16/7/2010 12:29;19786;426
65522;27/9/2010 16:50;19786;459
65523;29/6/2010 18:03;19786;511
65524;18/12/2010 22:17;19786;562
65525;29/6/2010 18:03;19786;588
65526;5/12/2010 14:39;19786;595
65527;20/8/2012 20:21;19786;614
65528;29/6/2010 18:03;19786;729
65529;29/6/2010 18:03;19786;809
65530;31/8/2011 9:01;19786;851
65531;29/6/2010 18:03;19786;871
65532;28/10/2010 0:35;19786;898
65533;15/4/2012 4:10;19786;969
