id,created_at,repo_id_id,user_id_id
38312,2010-05-03 02:08:49,2,2
38989,2010-08-24 15:22:36,3,3
41000,2012-06-20 16:45:11,7,6
40547,2011-10-17 18:09:04,6,10
47343,2011-11-22 20:27:23,10,14
50472,2010-12-27 07:18:58,11,15
47344,2011-11-22 20:27:23,10,19
47345,2011-11-27 15:55:33,10,20
47346,2011-11-23 18:56:04,10,21
38313,2012-02-20 18:58:06,2,23
39183,2012-04-23 18:24:37,4,23
39184,2012-06-20 12:37:50,4,24
38314,2011-04-20 02:03:45,2,25
39185,2012-04-23 18:24:37,4,25
38990,2011-06-17 14:25:26,3,26
40548,2011-10-17 18:09:04,6,26
39186,2012-04-23 18:24:37,4,29
39187,2012-04-23 18:24:37,4,30
62921,2011-09-17 05:55:13,16402,30
39188,2012-04-23 18:24:37,4,33
40549,2011-10-17 18:09:04,6,33
44223,2009-01-15 15:15:18,9,33
47347,2011-11-22 20:27:23,10,33
55770,2009-04-27 13:09:51,3750,33
64181,2010-02-08 12:20:56,17515,33
47348,2011-11-22 20:27:23,10,34
47349,2011-11-22 20:27:23,10,36
39189,2012-04-23 18:24:37,4,37
62922,2011-09-17 05:55:13,16402,37
47350,2011-11-22 20:27:23,10,38
47351,2011-11-22 20:27:23,10,39
62395,2011-02-07 22:19:18,14328,39
62664,2010-03-02 10:05:30,15974,39
47352,2011-11-22 20:27:23,10,43
47353,2011-11-22 20:27:23,10,45
47354,2011-11-22 20:27:23,10,47
47355,2011-11-22 20:27:23,10,48
37965,2010-05-12 04:16:00,1,49
39190,2012-04-23 18:24:37,4,49
64182,2010-05-12 04:16:00,17515,49
47356,2011-11-22 20:27:23,10,50
60639,2010-09-10 14:17:48,9636,50
38315,2012-12-04 18:53:45,2,51
47357,2011-11-22 20:27:23,10,52
65502,2010-06-29 18:03:33,19786,52
47358,2011-11-22 20:27:23,10,54
44224,2010-11-25 09:18:10,9,55
47359,2011-11-22 20:27:23,10,55
50473,2010-12-27 07:18:58,11,55
65503,2010-11-25 09:18:10,19786,55
47360,2011-11-22 20:27:23,10,56
62923,2011-09-17 05:55:13,16402,56
64183,2010-02-08 12:20:56,17515,58
38316,2013-02-01 18:12:36,2,60
38991,2011-04-01 02:32:16,3,65
39191,2012-04-23 18:24:37,4,65
38317,2013-02-06 17:13:33,2,66
41001,2013-02-06 17:13:33,7,66
39481,2010-01-02 00:17:06,5,67
47361,2011-11-22 20:27:23,10,67
47362,2011-11-22 20:27:23,10,69
39192,2012-04-23 18:24:37,4,70
44225,2009-04-22 23:20:08,9,72
47363,2011-11-22 20:27:23,10,72
38992,2011-08-26 20:50:29,3,73
39193,2012-04-23 18:24:37,4,73
40550,2011-10-17 18:09:04,6,73
41002,2012-06-20 16:45:11,7,73
62924,2011-09-17 05:55:13,16402,73
47364,2011-11-22 20:27:23,10,74
54335,2010-12-19 14:16:43,454,74
38318,2010-05-03 02:08:49,2,76
38993,2010-08-24 15:22:36,3,76
47365,2011-11-22 20:27:23,10,77
39194,2012-04-23 18:24:37,4,78
37966,2009-02-16 11:51:54,1,79
38319,2010-05-03 02:08:49,2,79
38994,2010-08-24 15:22:36,3,79
39482,2010-01-02 00:17:06,5,79
56774,2009-03-21 21:32:25,7242,79
62925,2011-09-17 05:55:13,16402,79
64184,2010-02-08 12:20:56,17515,79
47366,2011-11-22 20:27:23,10,80
38320,2010-05-03 02:08:49,2,82
38995,2010-08-24 15:22:36,3,82
47367,2011-11-23 00:14:48,10,83
38996,2010-11-15 06:14:28,3,85
47368,2011-11-22 20:27:23,10,86
38997,2010-08-24 15:22:36,3,88
47369,2011-11-23 00:52:02,10,89
39195,2013-06-23 06:00:26,4,90
40551,2013-06-23 06:00:26,6,90
38998,2010-08-24 15:22:36,3,91
40552,2011-10-17 18:09:04,6,91
47370,2011-11-22 20:27:23,10,92
39483,2011-07-04 18:29:32,5,94
47371,2011-11-22 20:27:23,10,94
38999,2010-08-24 15:22:36,3,95
56775,2009-03-21 21:32:25,7242,95
39196,2012-05-07 10:45:45,4,96
47372,2011-11-22 20:27:23,10,97
39000,2011-04-19 03:36:39,3,98
47373,2011-11-22 20:27:23,10,100
39001,2010-11-24 05:43:29,3,101
40553,2011-10-17 18:09:04,6,101
56211,2010-11-24 05:43:29,5326,101
47374,2011-11-22 20:27:23,10,103
47375,2011-11-22 20:27:23,10,106
60640,2010-09-10 14:17:48,9636,107
62396,2011-02-07 22:19:18,14328,107
39484,2011-06-19 08:22:11,5,111
47376,2011-11-22 20:27:23,10,111
54336,2011-06-19 08:22:11,454,111
47377,2011-11-22 20:27:23,10,113
47378,2011-11-22 20:27:23,10,114
47379,2011-11-22 20:27:23,10,116
52432,2009-04-25 15:27:19,289,116
41003,2012-06-20 16:45:11,7,117
39485,2010-01-02 00:17:06,5,118
44226,2009-07-12 17:44:53,9,118
47380,2011-11-22 20:27:23,10,118
51902,2010-12-28 22:40:07,12,118
55771,2009-07-12 17:44:53,3750,118
58887,2010-09-15 13:59:47,7427,118
62397,2011-02-07 22:19:18,14328,118
47381,2011-11-22 20:27:23,10,120
39002,2010-08-24 15:22:36,3,121
38321,2012-05-21 13:53:41,2,122
39003,2012-05-21 13:53:41,3,122
39004,2010-08-24 15:22:36,3,123
38322,2011-06-27 05:18:48,2,124
39005,2011-06-27 05:18:48,3,124
39006,2012-05-10 10:53:01,3,125
40554,2012-05-10 10:53:01,6,125
38323,2010-12-16 06:53:00,2,126
47382,2011-11-23 02:46:41,10,127
41363,2012-06-01 18:49:04,8,130
47383,2011-11-22 20:27:23,10,130
51903,2011-02-25 00:34:23,12,130
52433,2011-02-25 00:34:23,289,130
55772,2011-02-25 00:34:23,3750,130
47384,2011-11-22 20:27:23,10,131
54337,2011-01-07 10:29:31,454,131
47385,2011-11-22 20:27:23,10,132
47386,2011-11-22 20:27:23,10,133
58888,2010-09-15 13:59:47,7427,133
47387,2011-11-22 20:27:23,10,134
39486,2010-11-17 04:29:26,5,135
47388,2011-11-22 20:27:23,10,135
39487,2010-12-20 05:59:13,5,136
47389,2011-11-22 20:27:23,10,137
47390,2011-11-23 04:17:39,10,138
47391,2011-11-23 03:40:23,10,139
52434,2011-11-23 03:40:23,289,139
47392,2011-11-22 20:27:23,10,140
37967,2011-02-09 02:53:14,1,141
39488,2011-02-09 02:53:14,5,141
44227,2011-02-09 02:53:14,9,141
47393,2011-11-22 20:27:23,10,141
56776,2011-02-09 02:53:14,7242,141
59513,2011-02-09 02:53:14,8955,141
64185,2011-02-09 02:53:14,17515,141
47394,2011-11-22 20:27:23,10,143
47395,2011-11-22 20:27:23,10,144
50474,2010-12-27 07:18:58,11,144
65504,2010-08-06 05:16:39,19786,144
39489,2010-10-03 01:49:39,5,145
47396,2011-11-22 20:27:23,10,145
47397,2011-11-22 20:27:23,10,146
47398,2011-11-22 20:27:23,10,147
39007,2010-10-03 00:24:32,3,148
47399,2011-11-22 20:27:23,10,149
47400,2011-11-22 20:27:23,10,150
47401,2011-11-22 20:27:23,10,151
62777,2011-08-12 00:27:25,16134,151
47402,2011-11-22 20:27:23,10,152
37968,2010-09-01 07:05:21,1,153
47403,2011-11-22 20:27:23,10,153
55185,2011-01-09 08:41:02,3437,153
56777,2010-09-01 07:05:21,7242,153
59514,2010-09-01 07:05:21,8955,153
60641,2010-09-10 14:17:48,9636,153
47404,2011-11-22 20:27:23,10,154
65505,2010-06-29 18:03:33,19786,154
47405,2011-11-22 20:27:23,10,155
47406,2011-11-22 20:27:23,10,156
64960,2011-03-07 16:28:54,17566,156
65269,2010-10-25 06:41:52,19580,156
47407,2011-11-22 20:27:23,10,157
47408,2011-11-22 20:27:23,10,158
60288,2011-03-08 09:02:03,9215,158
47409,2011-11-22 20:27:23,10,159
47410,2011-11-23 07:47:01,10,160
47411,2011-11-22 20:27:23,10,161
47412,2011-11-23 07:58:50,10,162
47413,2011-11-22 20:27:23,10,163
54338,2010-12-19 14:16:43,454,163
47414,2011-11-22 20:27:23,10,165
39490,2010-05-10 01:19:46,5,166
41364,2012-06-01 18:49:04,8,166
44228,2010-05-10 01:19:46,9,166
47415,2011-11-22 20:27:23,10,166
52435,2010-05-10 01:19:46,289,166
54339,2010-12-19 14:16:43,454,166
56778,2010-05-10 01:19:46,7242,166
60642,2010-09-10 14:17:48,9636,166
64186,2010-05-10 01:19:46,17515,166
65270,2010-05-10 15:17:33,19580,166
65506,2010-06-29 18:03:33,19786,166
47416,2011-11-22 20:27:23,10,167
47417,2011-11-22 20:27:23,10,168
47418,2011-11-22 20:27:23,10,169
47419,2011-11-22 20:27:23,10,170
47420,2011-11-22 20:27:23,10,172
47421,2011-11-22 20:27:23,10,173
47422,2011-11-22 20:27:23,10,174
47423,2011-11-22 20:27:23,10,175
50475,2010-12-27 07:18:58,11,175
47424,2011-11-22 20:27:23,10,176
47425,2011-11-22 20:27:23,10,177
54340,2011-07-01 09:23:21,454,177
39491,2010-01-02 00:17:06,5,178
47426,2011-11-22 20:27:23,10,178
50476,2010-12-27 07:18:58,11,178
56779,2009-03-21 21:32:25,7242,178
61361,2011-03-29 19:10:45,10593,178
47427,2011-11-22 20:27:23,10,180
47428,2011-11-22 20:27:23,10,181
64961,2011-03-07 16:28:54,17566,181
65271,2010-05-10 15:17:33,19580,181
47429,2011-11-22 20:27:23,10,182
47430,2011-11-22 20:27:23,10,183
47431,2011-11-22 20:27:23,10,184
47432,2011-11-22 20:27:23,10,185
47433,2011-11-22 20:27:23,10,186
39197,2012-04-23 18:24:37,4,187
54341,2010-12-19 14:16:43,454,187
39198,2012-10-19 16:40:38,4,188
39199,2012-04-23 18:24:37,4,189
56780,2010-02-28 18:01:46,7242,189
39492,2010-02-09 14:58:35,5,190
47434,2011-11-22 20:27:23,10,190
51904,2010-12-28 22:40:07,12,190
39200,2012-04-23 18:24:37,4,191
47435,2011-11-22 20:27:23,10,192
51905,2011-11-12 03:17:40,12,192
39201,2012-04-23 18:24:37,4,193
41365,2012-06-01 18:49:04,8,193
39202,2013-01-04 04:13:22,4,194
47436,2011-11-22 20:27:23,10,195
47437,2011-11-22 20:27:23,10,196
54342,2011-07-20 18:13:56,454,196
39203,2013-04-10 18:38:19,4,197
41004,2013-04-10 18:38:19,7,197
39204,2012-04-23 18:24:37,4,198
39205,2012-04-23 18:24:37,4,199
47438,2011-11-22 20:27:23,10,200
52436,2011-11-18 02:14:52,289,200
39206,2012-04-23 18:24:37,4,201
39207,2012-04-23 18:24:37,4,202
54343,2011-07-06 18:45:17,454,202
58889,2011-07-06 18:45:17,7427,202
47439,2011-11-22 20:27:23,10,203
39208,2012-04-23 18:24:37,4,204
38324,2012-07-25 14:38:32,2,205
39209,2012-07-25 14:38:32,4,205
40555,2012-07-25 14:38:32,6,205
41005,2012-07-25 14:38:32,7,205
55186,2012-07-25 14:38:32,3437,205
64187,2012-07-25 14:38:32,17515,205
47440,2011-11-22 20:27:23,10,206
60289,2011-06-04 09:14:43,9215,206
39210,2012-04-23 18:24:37,4,207
56781,2010-11-30 07:22:11,7242,207
62926,2011-09-17 05:55:13,16402,207
64188,2010-11-30 07:22:11,17515,207
39211,2012-04-23 18:24:37,4,208
41366,2012-06-01 18:49:04,8,208
65507,2011-04-21 01:06:38,19786,208
47441,2011-11-22 20:27:23,10,209
37969,2009-03-04 08:44:56,1,210
39212,2012-04-23 18:24:37,4,210
39213,2012-04-23 18:24:37,4,211
39493,2010-08-14 08:34:50,5,212
47442,2011-11-22 20:27:23,10,212
50477,2010-12-27 07:18:58,11,212
54344,2010-12-19 14:16:43,454,212
55187,2011-01-09 08:41:02,3437,212
56782,2010-08-14 08:34:50,7242,212
58890,2010-09-15 13:59:47,7427,212
61362,2011-03-29 19:10:45,10593,212
61918,2010-08-14 08:34:50,12976,212
62927,2011-09-17 05:55:13,16402,212
38325,2013-02-14 17:48:58,2,213
39008,2013-02-14 17:48:58,3,213
39214,2013-02-14 17:48:58,4,213
39215,2012-10-30 13:54:42,4,214
44229,2012-10-30 13:54:42,9,214
39216,2012-04-23 18:24:37,4,215
41367,2012-06-01 18:49:04,8,215
55188,2011-09-17 14:26:14,3437,215
47443,2011-11-22 20:27:23,10,216
37970,2010-09-04 04:47:24,1,217
39217,2012-04-23 18:24:37,4,217
41368,2012-06-01 18:49:04,8,217
50478,2010-12-27 07:18:58,11,217
54345,2010-12-19 14:16:43,454,217
55189,2011-01-09 08:41:02,3437,217
58891,2010-09-15 13:59:47,7427,217
60643,2010-09-10 14:17:48,9636,217
62131,2010-09-04 04:47:24,13566,217
62928,2011-09-17 05:55:13,16402,217
65508,2010-09-04 04:47:24,19786,217
39218,2013-01-11 19:55:05,4,218
39219,2012-04-23 18:24:37,4,219
41369,2012-06-01 18:49:04,8,220
47444,2011-11-22 20:27:23,10,220
38326,2013-07-24 04:43:11,2,221
39009,2013-07-24 04:43:11,3,221
39220,2013-07-24 04:43:11,4,221
40556,2013-07-24 04:43:11,6,221
38327,2010-07-03 09:47:31,2,222
39010,2010-08-24 15:22:36,3,222
39221,2012-04-23 18:24:37,4,222
40557,2011-10-17 18:09:04,6,222
41006,2012-06-20 16:45:11,7,222
47445,2011-11-22 20:27:23,10,223
37971,2009-02-16 11:51:54,1,224
39222,2012-04-23 18:24:37,4,224
44230,2009-01-15 15:15:18,9,224
50479,2010-12-27 07:18:58,11,224
55190,2011-01-09 08:41:02,3437,224
55773,2009-04-27 13:09:51,3750,224
56212,2008-12-07 15:14:02,5326,224
56783,2009-03-21 21:32:25,7242,224
58892,2010-09-15 13:59:47,7427,224
59515,2009-04-24 21:34:25,8955,224
60644,2010-09-10 14:17:48,9636,224
61363,2011-03-29 19:10:45,10593,224
61919,2010-01-11 13:35:54,12976,224
62929,2011-09-17 05:55:13,16402,224
64189,2010-02-08 12:20:56,17515,224
39223,2012-04-23 18:24:37,4,225
47446,2011-11-22 20:27:23,10,225
55191,2011-09-25 05:37:53,3437,225
56784,2011-09-25 05:37:53,7242,225
58893,2011-09-25 05:37:53,7427,225
62930,2011-09-25 05:37:53,16402,225
47447,2011-11-22 20:27:23,10,226
39224,2012-04-23 18:24:37,4,227
39225,2012-04-23 18:24:37,4,228
39494,2010-01-02 00:17:06,5,228
47448,2011-11-22 20:27:23,10,229
50480,2011-05-30 04:06:33,11,229
56213,2011-05-30 04:06:33,5326,229
56785,2011-05-30 04:06:33,7242,229
59516,2011-05-30 04:06:33,8955,229
61920,2011-05-30 04:06:33,12976,229
39226,2012-04-23 18:24:37,4,230
39227,2012-04-23 18:24:37,4,231
37972,2011-02-06 22:17:39,1,232
39228,2012-04-23 18:24:37,4,232
39495,2011-02-06 22:17:39,5,232
41370,2012-06-01 18:49:04,8,232
44231,2011-02-06 22:17:39,9,232
50481,2011-02-06 22:17:39,11,232
56786,2011-02-06 22:17:39,7242,232
62931,2011-09-17 05:55:13,16402,232
64190,2011-02-06 22:17:39,17515,232
47449,2011-11-22 20:27:23,10,233
39229,2012-04-23 18:24:37,4,234
50482,2010-12-27 07:18:58,11,234
64191,2010-02-08 12:20:56,17515,234
39230,2012-04-23 18:24:37,4,235
50483,2010-12-27 07:18:58,11,235
62932,2011-09-17 05:55:13,16402,235
47450,2011-11-22 20:27:23,10,236
55192,2011-05-13 01:50:43,3437,236
39231,2012-04-23 18:24:37,4,237
62933,2011-09-17 05:55:13,16402,237
65509,2011-04-25 17:17:10,19786,237
39232,2012-04-23 18:24:37,4,238
44232,2010-02-02 21:45:55,9,238
47451,2011-11-22 20:27:23,10,238
58894,2010-09-15 13:59:47,7427,238
47452,2011-11-22 20:27:23,10,239
39233,2012-04-23 18:24:37,4,240
39234,2012-04-23 18:24:37,4,241
55193,2011-01-09 08:41:02,3437,241
62934,2011-09-17 05:55:13,16402,241
47453,2011-11-22 20:27:23,10,242
61364,2011-03-29 19:10:45,10593,242
39235,2013-05-06 12:24:57,4,243
37973,2009-04-14 14:38:26,1,244
39236,2012-04-23 18:24:37,4,244
62935,2011-09-17 05:55:13,16402,244
65510,2010-06-29 18:03:33,19786,244
47454,2011-11-22 20:27:23,10,245
39237,2012-04-23 18:24:37,4,246
39238,2012-04-23 18:24:37,4,247
39239,2012-04-23 18:24:37,4,248
56214,2008-03-31 18:20:41,5326,248
61115,2011-03-24 21:05:14,10380,248
62778,2011-08-12 00:27:25,16134,248
39240,2012-04-23 18:24:37,4,249
44233,2012-04-01 16:01:55,9,249
56787,2012-04-01 16:01:55,7242,249
64962,2012-04-01 16:01:55,17566,249
47455,2011-11-22 20:27:23,10,250
39241,2012-04-23 18:24:37,4,251
47456,2011-11-22 20:27:23,10,251
56788,2011-02-03 21:19:41,7242,251
39242,2012-04-23 18:24:37,4,252
47457,2011-11-22 20:27:23,10,253
37974,2010-10-28 04:54:54,1,254
39243,2012-04-23 18:24:37,4,254
39496,2010-10-28 04:54:54,5,254
41371,2012-06-01 18:49:04,8,254
44234,2010-10-28 04:54:54,9,254
47458,2011-11-22 20:27:23,10,254
50484,2010-12-27 07:18:58,11,254
60290,2010-10-28 04:54:54,9215,254
62936,2011-09-17 05:55:13,16402,254
64963,2011-03-07 16:28:54,17566,254
65511,2010-10-28 04:54:54,19786,254
39244,2012-04-23 18:24:37,4,255
37975,2012-02-09 04:30:03,1,256
38328,2012-02-09 04:30:03,2,256
39011,2012-02-09 04:30:03,3,256
39245,2012-04-23 18:24:37,4,256
39497,2012-02-09 04:30:03,5,256
40558,2012-02-09 04:30:03,6,256
41372,2012-06-01 18:49:04,8,256
44235,2012-02-09 04:30:03,9,256
50485,2012-02-09 04:30:03,11,256
51906,2012-02-09 04:30:03,12,256
55194,2012-02-09 04:30:03,3437,256
56215,2012-02-09 04:30:03,5326,256
56789,2012-02-09 04:30:03,7242,256
58895,2012-02-09 04:30:03,7427,256
60645,2012-02-09 04:30:03,9636,256
62398,2012-02-09 04:30:03,14328,256
62937,2012-02-09 04:30:03,16402,256
64192,2012-02-09 04:30:03,17515,256
65512,2012-02-09 04:30:03,19786,256
47459,2011-11-22 20:27:23,10,257
39246,2012-04-23 18:24:37,4,258
39247,2012-04-23 18:24:37,4,259
47460,2011-11-22 20:27:23,10,260
50486,2011-05-07 17:48:08,11,260
39248,2012-04-23 18:24:37,4,261
56216,2010-10-13 02:28:21,5326,261
62938,2011-09-17 05:55:13,16402,261
39249,2012-04-23 18:24:37,4,262
47461,2011-11-22 20:27:23,10,263
39250,2012-04-23 18:24:37,4,264
39251,2012-04-23 18:24:37,4,265
39252,2012-04-23 18:24:37,4,266
47462,2011-11-22 20:27:23,10,267
55195,2011-03-24 20:45:55,3437,267
62939,2011-09-17 05:55:13,16402,267
39253,2012-04-23 18:24:37,4,268
39254,2012-04-23 18:24:37,4,269
47463,2011-11-22 20:27:23,10,270
39255,2012-10-23 09:14:37,4,271
39256,2012-04-23 18:24:37,4,272
47464,2011-11-22 20:27:23,10,273
58896,2011-02-16 06:03:39,7427,273
62940,2011-09-17 05:55:13,16402,273
39257,2012-04-23 18:24:37,4,274
39258,2012-11-30 00:01:36,4,275
41007,2012-11-30 00:01:36,7,275
39259,2012-04-23 18:24:37,4,276
50487,2010-12-27 07:18:58,11,276
62399,2011-02-07 22:19:18,14328,276
62941,2011-09-17 05:55:13,16402,276
39260,2012-04-23 18:24:37,4,277
58897,2011-02-24 13:28:18,7427,277
61921,2011-02-24 13:28:18,12976,277
62942,2011-09-17 05:55:13,16402,277
39261,2012-04-23 18:24:37,4,278
47465,2011-11-23 17:52:08,10,279
39262,2012-04-23 18:24:37,4,280
39263,2012-04-23 18:24:37,4,281
40559,2011-12-25 09:29:48,6,281
47466,2011-11-22 20:27:23,10,282
39264,2012-04-23 18:24:37,4,283
41373,2012-06-01 18:49:04,8,283
39265,2012-04-23 18:24:37,4,284
40560,2011-10-17 18:09:04,6,284
41008,2012-06-20 16:45:11,7,284
50488,2010-12-27 07:18:58,11,284
47467,2011-11-22 20:27:23,10,285
58898,2011-05-10 14:48:51,7427,285
39266,2012-04-23 18:24:37,4,286
62943,2011-09-17 05:55:13,16402,286
65513,2010-06-29 18:03:33,19786,286
39267,2012-04-23 18:24:37,4,287
47468,2011-11-22 20:27:23,10,287
47469,2011-11-22 20:27:23,10,288
65272,2010-05-10 15:17:33,19580,288
39268,2012-04-23 18:24:37,4,289
39498,2010-01-31 12:34:11,5,289
41374,2012-06-01 18:49:04,8,289
54346,2010-12-19 14:16:43,454,289
55196,2011-01-09 08:41:02,3437,289
56790,2010-01-31 12:34:11,7242,289
62944,2011-09-17 05:55:13,16402,289
39269,2012-04-23 18:24:37,4,290
40561,2011-10-17 18:09:04,6,290
62945,2011-09-17 05:55:13,16402,290
39270,2012-04-23 18:24:37,4,291
44236,2011-08-10 05:32:47,9,291
56791,2011-08-10 05:32:47,7242,291
59517,2011-08-10 05:32:47,8955,291
62779,2011-08-12 00:27:25,16134,291
62946,2011-09-17 05:55:13,16402,291
64193,2011-08-10 05:32:47,17515,291
65514,2011-08-10 05:32:47,19786,291
47470,2011-11-22 20:27:23,10,292
56792,2010-06-15 08:51:46,7242,292
60291,2010-06-15 08:51:46,9215,292
39271,2012-04-23 18:24:37,4,293
60292,2009-10-21 19:55:54,9215,293
61365,2011-03-29 19:10:45,10593,293
39272,2012-04-23 18:24:37,4,294
47471,2011-11-22 20:27:23,10,295
39273,2012-04-23 18:24:37,4,296
50489,2010-12-27 07:18:58,11,296
56793,2009-07-20 10:34:12,7242,296
64194,2010-02-08 12:20:56,17515,296
65515,2010-06-29 18:03:33,19786,296
39274,2012-04-23 18:24:37,4,297
56794,2010-05-03 12:07:05,7242,297
58899,2010-09-15 13:59:47,7427,297
62947,2011-09-17 05:55:13,16402,297
64195,2010-05-03 12:07:05,17515,297
41375,2012-06-01 18:49:04,8,298
47472,2011-11-22 20:27:23,10,298
37976,2011-03-14 11:34:23,1,299
39275,2012-04-23 18:24:37,4,299
39276,2012-04-23 18:24:37,4,300
50490,2010-12-27 07:18:58,11,300
55197,2011-01-09 08:41:02,3437,300
56795,2010-01-20 19:31:36,7242,300
58900,2010-09-15 13:59:47,7427,300
61922,2010-01-20 19:31:36,12976,300
62948,2011-09-17 05:55:13,16402,300
64196,2010-02-08 12:20:56,17515,300
39277,2012-04-23 18:24:37,4,301
39278,2012-04-23 18:24:37,4,302
47473,2011-11-22 20:27:23,10,302
50491,2011-09-29 13:23:03,11,302
62949,2011-09-29 13:23:03,16402,302
47474,2011-11-22 20:27:23,10,303
37977,2010-04-29 02:28:46,1,304
39279,2012-04-23 18:24:37,4,304
50492,2010-12-27 07:18:58,11,304
56217,2010-04-29 02:28:46,5326,304
58901,2010-09-15 13:59:47,7427,304
60293,2010-04-29 02:28:46,9215,304
62400,2011-02-07 22:19:18,14328,304
62950,2011-09-17 05:55:13,16402,304
38329,2010-05-03 02:08:49,2,305
39012,2010-08-24 15:22:36,3,305
39280,2012-04-23 18:24:37,4,305
62951,2011-09-17 05:55:13,16402,305
47475,2011-11-22 20:27:23,10,306
47476,2011-11-22 20:27:23,10,307
39281,2012-04-23 18:24:37,4,308
39282,2012-04-23 18:24:37,4,309
39283,2012-04-23 18:24:37,4,310
39499,2011-04-15 14:10:36,5,310
41376,2012-06-01 18:49:04,8,310
47477,2011-11-22 20:27:23,10,310
55198,2011-04-15 14:10:36,3437,310
55774,2011-04-15 14:10:36,3750,310
56218,2011-04-15 14:10:36,5326,310
56796,2011-04-15 14:10:36,7242,310
58902,2011-04-15 14:10:36,7427,310
59518,2011-04-15 14:10:36,8955,310
61366,2011-04-15 14:10:36,10593,310
39284,2012-07-21 11:59:42,4,311
47478,2011-11-22 20:27:23,10,312
62780,2011-08-12 00:27:25,16134,312
39285,2012-04-23 18:24:37,4,313
39286,2012-04-23 18:24:37,4,314
39287,2012-04-23 18:24:37,4,315
40562,2011-10-17 18:09:04,6,315
41009,2012-06-20 16:45:11,7,315
37978,2012-04-16 07:13:33,1,316
39288,2012-04-23 18:24:37,4,316
39500,2012-04-16 07:13:33,5,316
40563,2012-04-16 07:13:33,6,316
41377,2012-06-01 18:49:04,8,316
44237,2012-04-16 07:13:33,9,316
47479,2012-04-16 07:13:33,10,316
50493,2012-04-16 07:13:33,11,316
51907,2012-04-16 07:13:33,12,316
52437,2012-04-16 07:13:33,289,316
54347,2012-04-16 07:13:33,454,316
55199,2012-04-16 07:13:33,3437,316
55775,2012-04-16 07:13:33,3750,316
56219,2012-04-16 07:13:33,5326,316
56797,2012-04-16 07:13:33,7242,316
58903,2012-04-16 07:13:33,7427,316
59519,2012-04-16 07:13:33,8955,316
60294,2012-04-16 07:13:33,9215,316
60646,2012-04-16 07:13:33,9636,316
61116,2012-04-16 07:13:33,10380,316
61367,2012-04-16 07:13:33,10593,316
61923,2012-04-16 07:13:33,12976,316
62132,2012-04-16 07:13:33,13566,316
62401,2012-04-16 07:13:33,14328,316
62781,2012-04-16 07:13:33,16134,316
62952,2012-04-16 07:13:33,16402,316
64197,2012-04-16 07:13:33,17515,316
64964,2012-04-16 07:13:33,17566,316
65273,2012-04-16 07:13:33,19580,316
65516,2012-04-16 07:13:33,19786,316
39289,2012-04-23 18:24:37,4,318
47480,2011-11-22 20:27:23,10,318
56798,2010-06-10 10:14:48,7242,318
39290,2012-04-23 18:24:37,4,319
41010,2012-06-20 16:45:11,7,319
38330,2011-03-04 02:56:22,2,320
39291,2012-04-23 18:24:37,4,320
40564,2011-10-17 18:09:04,6,320
47481,2011-11-22 20:27:23,10,321
38331,2010-09-24 21:24:03,2,322
39292,2012-04-23 18:24:37,4,322
60295,2010-09-24 21:24:03,9215,322
62953,2011-09-17 05:55:13,16402,322
65517,2010-09-24 21:24:03,19786,322
39293,2012-04-23 18:24:37,4,323
60296,2009-10-21 19:55:54,9215,323
61368,2011-03-29 19:10:45,10593,323
47482,2011-11-24 00:53:45,10,324
38332,2011-05-05 00:55:38,2,325
39294,2012-04-23 18:24:37,4,325
39501,2010-10-21 06:20:09,5,326
47483,2011-11-22 20:27:23,10,326
62782,2011-08-12 00:27:25,16134,326
39013,2010-08-24 15:22:36,3,327
39295,2012-04-23 18:24:37,4,327
40565,2011-10-17 18:09:04,6,327
39296,2012-04-23 18:24:37,4,328
55200,2011-01-09 08:41:02,3437,328
47484,2011-11-22 20:27:23,10,329
39297,2012-04-23 18:24:37,4,330
39298,2012-08-14 21:02:43,4,331
39299,2012-04-23 18:24:37,4,332
39502,2011-09-03 16:42:30,5,332
61924,2011-09-03 16:42:30,12976,332
47485,2011-11-22 20:27:23,10,333
39300,2012-04-23 18:24:37,4,334
39301,2013-06-23 19:14:27,4,335
39302,2012-04-23 18:24:37,4,336
60647,2010-09-10 14:17:48,9636,336
47486,2011-11-24 01:32:54,10,337
39303,2012-04-23 18:24:37,4,338
58904,2010-10-04 14:44:37,7427,338
39304,2012-04-23 18:24:37,4,339
44238,2011-12-21 00:28:44,9,339
39305,2012-04-23 18:24:37,4,340
47487,2011-11-22 20:27:23,10,341
39306,2012-04-23 18:24:37,4,342
39307,2012-04-23 18:24:37,4,343
39503,2010-01-02 00:17:06,5,343
50494,2010-12-27 07:18:58,11,343
47488,2011-11-22 20:27:23,10,344
39308,2012-04-23 18:24:37,4,345
56799,2009-03-21 21:32:25,7242,345
58905,2010-09-15 13:59:47,7427,345
64198,2010-02-08 12:20:56,17515,345
39309,2012-04-23 18:24:37,4,346
39504,2011-02-25 05:01:11,5,346
50495,2011-02-25 05:01:11,11,346
54348,2011-02-25 05:01:11,454,346
62954,2011-09-17 05:55:13,16402,346
64199,2011-02-25 05:01:11,17515,346
47489,2011-11-24 03:10:11,10,347
39310,2012-04-23 18:24:37,4,348
39311,2012-04-23 18:24:37,4,349
58906,2010-09-15 13:59:47,7427,349
60648,2010-09-10 14:17:48,9636,349
62955,2011-09-17 05:55:13,16402,349
41378,2012-06-01 18:49:04,8,350
47490,2011-11-22 20:27:23,10,350
39312,2012-04-23 18:24:37,4,351
39505,2010-01-02 00:17:06,5,351
41011,2012-06-20 16:45:11,7,351
62956,2011-09-17 05:55:13,16402,351
37979,2012-04-04 03:12:28,1,352
38333,2012-04-04 03:12:28,2,352
39014,2012-04-04 03:12:28,3,352
39313,2012-04-23 18:24:37,4,352
39506,2012-04-04 03:12:28,5,352
40566,2012-04-04 03:12:28,6,352
41379,2012-06-01 18:49:04,8,352
44239,2012-04-04 03:12:28,9,352
47491,2012-04-04 03:12:28,10,352
50496,2012-04-04 03:12:28,11,352
51908,2012-04-04 03:12:28,12,352
52438,2012-04-04 03:12:28,289,352
54349,2012-04-04 03:12:28,454,352
55201,2012-04-04 03:12:28,3437,352
55776,2012-04-04 03:12:28,3750,352
56220,2012-04-04 03:12:28,5326,352
56800,2012-04-04 03:12:28,7242,352
58907,2012-04-04 03:12:28,7427,352
59520,2012-04-04 03:12:28,8955,352
60297,2012-04-04 03:12:28,9215,352
60649,2012-04-04 03:12:28,9636,352
61117,2012-04-04 03:12:28,10380,352
61369,2012-04-04 03:12:28,10593,352
61925,2012-04-04 03:12:28,12976,352
62133,2012-04-04 03:12:28,13566,352
62402,2012-04-04 03:12:28,14328,352
62557,2012-04-04 03:12:28,14912,352
62665,2012-04-04 03:12:28,15974,352
62783,2012-04-04 03:12:28,16134,352
62957,2012-04-04 03:12:28,16402,352
64200,2012-04-04 03:12:28,17515,352
64965,2012-04-04 03:12:28,17566,352
65274,2012-04-04 03:12:28,19580,352
65518,2012-04-04 03:12:28,19786,352
39314,2012-04-23 18:24:37,4,353
54350,2010-12-19 14:16:43,454,353
56801,2009-04-06 05:06:36,7242,353
61118,2011-03-24 21:05:14,10380,353
39315,2012-04-23 18:24:37,4,354
47492,2011-11-22 20:27:23,10,355
55777,2009-04-27 13:09:51,3750,355
56802,2009-03-21 21:32:25,7242,355
60650,2010-09-10 14:17:48,9636,355
65519,2010-06-29 18:03:33,19786,355
39316,2012-04-23 18:24:37,4,356
40567,2011-10-17 18:09:04,6,356
60651,2011-06-13 11:22:15,9636,356
39317,2012-04-23 18:24:37,4,357
39507,2010-01-02 00:17:06,5,357
41012,2012-06-20 16:45:11,7,357
41380,2012-06-01 18:49:04,8,357
44240,2009-05-17 16:43:06,9,357
54351,2010-12-19 14:16:43,454,357
55202,2011-01-09 08:41:02,3437,357
56221,2009-05-17 16:43:06,5326,357
56803,2009-05-17 16:43:06,7242,357
59521,2009-05-17 16:43:06,8955,357
60652,2010-09-10 14:17:48,9636,357
64201,2010-02-08 12:20:56,17515,357
39318,2012-04-23 18:24:37,4,358
41381,2012-06-01 18:49:04,8,358
47493,2011-11-22 20:27:23,10,358
55203,2011-11-07 00:59:25,3437,358
60653,2011-11-07 00:59:25,9636,358
47494,2011-11-22 20:27:23,10,359
39319,2012-04-23 18:24:37,4,360
39508,2010-01-02 00:17:06,5,360
40568,2011-10-17 18:09:04,6,360
41382,2012-06-01 18:49:04,8,360
58908,2010-09-15 13:59:47,7427,360
60654,2010-09-10 14:17:48,9636,360
62958,2011-09-17 05:55:13,16402,360
38334,2013-01-07 16:00:13,2,361
39015,2013-01-07 16:00:13,3,361
39320,2013-01-07 16:00:13,4,361
41013,2013-01-07 16:00:13,7,361
47495,2011-11-24 05:13:58,10,362
39321,2012-04-23 18:24:37,4,363
54352,2011-02-02 05:42:50,454,363
58909,2011-02-02 05:42:50,7427,363
60655,2011-02-02 05:42:50,9636,363
62959,2011-09-17 05:55:13,16402,363
39322,2012-04-23 18:24:37,4,364
41014,2012-06-20 16:45:11,7,364
47496,2011-11-22 20:27:23,10,365
55204,2011-01-09 08:41:02,3437,365
39323,2012-04-23 18:24:37,4,366
39324,2012-04-23 18:24:37,4,367
39325,2012-04-23 18:24:37,4,368
47497,2011-11-22 20:27:23,10,369
38335,2010-05-03 02:08:49,2,370
39326,2012-04-23 18:24:37,4,370
41015,2012-06-20 16:45:11,7,370
62960,2011-09-17 05:55:13,16402,370
38336,2011-06-07 18:17:00,2,371
39327,2012-04-23 18:24:37,4,371
62134,2011-06-07 18:17:00,13566,371
47498,2011-11-22 20:27:23,10,372
39328,2012-04-23 18:24:37,4,373
40569,2011-10-17 18:09:04,6,373
41383,2012-06-01 18:49:04,8,373
47499,2011-11-22 20:27:23,10,373
58910,2010-09-15 13:59:47,7427,373
62961,2011-09-17 05:55:13,16402,373
37980,2012-07-25 14:08:00,1,374
38337,2012-07-25 14:08:00,2,374
39329,2012-07-25 14:08:00,4,374
39509,2012-07-25 14:08:00,5,374
40570,2012-07-25 14:08:00,6,374
41384,2012-07-25 14:08:00,8,374
44241,2012-07-25 14:08:00,9,374
50497,2012-07-25 14:08:00,11,374
52439,2012-07-25 14:08:00,289,374
55778,2012-07-25 14:08:00,3750,374
56222,2012-07-25 14:08:00,5326,374
56804,2012-07-25 14:08:00,7242,374
58911,2012-07-25 14:08:00,7427,374
60298,2012-07-25 14:08:00,9215,374
60656,2012-07-25 14:08:00,9636,374
61370,2012-07-25 14:08:00,10593,374
62135,2012-07-25 14:08:00,13566,374
62403,2012-07-25 14:08:00,14328,374
62558,2012-07-25 14:08:00,14912,374
62784,2012-07-25 14:08:00,16134,374
62962,2012-07-25 14:08:00,16402,374
64202,2012-07-25 14:08:00,17515,374
47500,2011-11-22 20:27:23,10,375
65275,2011-04-26 08:19:50,19580,375
39330,2012-04-23 18:24:37,4,376
62963,2011-09-17 05:55:13,16402,376
39331,2012-04-23 18:24:37,4,377
50498,2010-12-27 07:18:58,11,377
39332,2012-04-23 18:24:37,4,378
39333,2012-04-23 18:24:37,4,379
62785,2011-08-12 00:27:25,16134,379
39334,2012-04-23 18:24:37,4,380
47501,2011-11-24 11:25:03,10,381
39335,2012-04-23 18:24:37,4,382
39336,2012-04-23 18:24:37,4,383
47502,2011-11-22 20:27:23,10,384
39337,2012-08-15 02:18:12,4,385
39338,2012-04-23 18:24:37,4,386
47503,2011-11-22 20:27:23,10,387
38338,2010-05-03 02:08:49,2,388
39339,2012-04-23 18:24:37,4,388
40571,2011-10-17 18:09:04,6,388
41016,2012-06-20 16:45:11,7,388
50499,2010-12-27 07:18:58,11,388
58912,2010-09-15 13:59:47,7427,388
62964,2011-09-17 05:55:13,16402,388
64203,2010-02-08 12:20:56,17515,388
39340,2012-04-23 18:24:37,4,389
44242,2010-06-04 12:37:24,9,389
56805,2010-06-04 12:37:24,7242,389
62786,2011-08-12 00:27:25,16134,389
64204,2010-06-04 12:37:24,17515,389
39341,2012-09-14 05:15:38,4,390
47504,2011-11-22 20:27:23,10,391
39342,2012-04-23 18:24:37,4,392
39343,2013-02-15 02:37:56,4,393
39344,2012-04-23 18:24:37,4,394
40572,2011-11-04 13:32:54,6,394
47505,2011-11-22 20:27:23,10,395
39345,2012-04-23 18:24:37,4,396
55205,2011-01-09 08:41:02,3437,396
62965,2011-09-17 05:55:13,16402,396
38339,2011-01-11 03:40:43,2,397
39016,2011-01-11 03:40:43,3,397
39346,2012-04-23 18:24:37,4,397
41017,2012-06-20 16:45:11,7,397
41385,2012-06-01 18:49:04,8,397
50500,2011-01-11 03:40:43,11,397
58913,2011-01-11 03:40:43,7427,397
60299,2011-01-11 03:40:43,9215,397
39347,2012-04-23 18:24:37,4,398
39348,2012-04-23 18:24:37,4,399
39349,2012-04-23 18:24:37,4,400
39350,2012-04-23 18:24:37,4,401
39510,2010-01-02 00:17:06,5,401
41386,2012-06-01 18:49:04,8,401
44243,2009-03-01 13:29:51,9,401
50501,2010-12-27 07:18:58,11,401
52440,2009-03-01 13:29:51,289,401
55206,2011-01-09 08:41:02,3437,401
55779,2009-04-27 13:09:51,3750,401
56223,2009-03-01 13:29:51,5326,401
56806,2009-03-21 21:32:25,7242,401
58914,2010-09-15 13:59:47,7427,401
59522,2009-04-24 21:34:25,8955,401
60657,2010-09-10 14:17:48,9636,401
61119,2011-03-24 21:05:14,10380,401
61371,2011-03-29 19:10:45,10593,401
62966,2011-09-17 05:55:13,16402,401
64205,2010-02-08 12:20:56,17515,401
39351,2012-04-23 18:24:37,4,403
37981,2009-08-27 06:33:02,1,404
38340,2010-05-03 02:08:49,2,404
39352,2012-04-23 18:24:37,4,404
39511,2010-01-02 00:17:06,5,404
40573,2011-10-17 18:09:04,6,404
41018,2012-06-20 16:45:11,7,404
44244,2009-08-27 06:33:02,9,404
56807,2009-08-27 06:33:02,7242,404
60658,2010-09-10 14:17:48,9636,404
62967,2011-09-17 05:55:13,16402,404
64206,2010-02-08 12:20:56,17515,404
64966,2011-03-07 16:28:54,17566,404
38341,2010-06-27 12:14:24,2,406
39353,2012-04-23 18:24:37,4,406
40574,2011-10-17 18:09:04,6,406
41387,2012-06-01 18:49:04,8,406
50502,2010-12-27 07:18:58,11,406
39354,2012-04-23 18:24:37,4,408
39355,2012-04-23 18:24:37,4,409
55780,2011-08-10 11:51:32,3750,409
39356,2012-04-23 18:24:37,4,411
41388,2012-06-01 18:49:04,8,412
59523,2009-09-09 23:36:22,8955,412
39357,2012-04-23 18:24:37,4,413
39512,2013-05-15 01:10:57,5,414
41389,2013-05-15 01:10:57,8,414
39358,2012-04-23 18:24:37,4,415
62968,2012-02-06 14:26:45,16402,415
39513,2011-05-26 15:11:21,5,416
39359,2012-04-23 18:24:37,4,418
37982,2009-07-14 17:38:13,1,419
39360,2012-04-23 18:24:37,4,419
41019,2012-06-20 16:45:11,7,419
50503,2010-12-27 07:18:58,11,419
55207,2011-01-09 08:41:02,3437,419
56224,2009-07-14 17:38:13,5326,419
62969,2011-09-17 05:55:13,16402,419
64207,2010-02-08 12:20:56,17515,419
39361,2012-04-23 18:24:37,4,420
41390,2012-06-01 18:49:04,8,420
44245,2009-01-15 15:15:18,9,420
47506,2011-11-22 20:27:23,10,420
54353,2010-12-19 14:16:43,454,420
55781,2009-04-27 13:09:51,3750,420
56808,2009-03-21 21:32:25,7242,420
58915,2010-09-15 13:59:47,7427,420
60300,2009-10-21 19:55:54,9215,420
61372,2011-03-29 19:10:45,10593,420
62970,2011-09-17 05:55:13,16402,420
65520,2010-06-29 18:03:33,19786,420
47507,2011-11-22 20:27:23,10,422
39362,2012-04-23 18:24:37,4,423
62971,2011-09-17 05:55:13,16402,423
64208,2010-02-17 08:35:42,17515,423
41391,2012-06-01 18:49:04,8,424
39363,2012-04-23 18:24:37,4,425
39364,2012-04-23 18:24:37,4,426
47508,2011-11-22 20:27:23,10,426
56809,2010-07-16 12:29:13,7242,426
65521,2010-07-16 12:29:13,19786,426
41392,2012-06-01 18:49:04,8,427
55208,2012-05-02 05:02:30,3437,427
47509,2011-11-22 20:27:23,10,428
39365,2012-10-24 16:19:42,4,429
39366,2012-04-24 10:13:48,4,430
47510,2011-11-22 20:27:23,10,432
39367,2012-04-23 18:24:37,4,433
39368,2012-04-23 18:24:37,4,434
44246,2009-02-27 09:45:55,9,434
50504,2010-12-27 07:18:58,11,434
52441,2009-02-27 09:45:55,289,434
55209,2011-01-09 08:41:02,3437,434
56225,2009-02-27 09:45:55,5326,434
56810,2009-03-21 21:32:25,7242,434
61926,2010-01-11 13:35:54,12976,434
62972,2011-09-17 05:55:13,16402,434
64209,2010-02-08 12:20:56,17515,434
64967,2011-03-07 16:28:54,17566,434
39369,2012-04-23 18:24:37,4,435
41393,2012-06-01 18:49:04,8,435
62973,2011-09-17 05:55:13,16402,435
39370,2012-04-23 18:24:37,4,436
47511,2011-11-22 20:27:23,10,437
39371,2012-04-23 18:24:37,4,439
39372,2012-04-23 18:24:37,4,441
58916,2010-09-15 13:59:47,7427,441
62974,2011-09-17 05:55:13,16402,441
47512,2011-11-22 20:27:23,10,442
41394,2012-06-01 18:49:04,8,443
37983,2012-04-07 20:41:38,1,445
39373,2012-04-23 18:24:37,4,445
50505,2012-04-07 20:41:38,11,445
61120,2012-04-07 20:41:38,10380,445
39374,2012-04-23 18:24:37,4,446
41395,2012-06-01 18:49:04,8,446
47513,2011-11-22 20:27:23,10,448
55210,2011-01-09 08:41:02,3437,448
56811,2010-09-30 02:46:38,7242,448
39375,2012-04-23 18:24:37,4,449
54354,2010-12-19 14:16:43,454,449
55211,2011-01-09 08:41:02,3437,449
60301,2009-10-21 19:55:54,9215,449
60659,2010-09-10 14:17:48,9636,449
61927,2010-01-11 13:35:54,12976,449
62404,2011-02-07 22:19:18,14328,449
62559,2010-02-06 14:17:58,14912,449
62787,2011-08-12 00:27:25,16134,449
39376,2012-05-09 19:00:29,4,450
50506,2012-05-09 19:00:29,11,450
64210,2012-05-09 19:00:29,17515,450
39377,2013-08-24 08:00:55,4,451
47514,2011-11-22 20:27:23,10,452
39378,2012-04-23 18:24:37,4,454
39379,2012-04-23 18:24:37,4,455
47515,2011-11-22 20:27:23,10,456
62975,2011-09-17 05:55:13,16402,456
39380,2012-04-23 18:24:37,4,457
60302,2010-06-24 15:33:56,9215,457
39381,2012-04-23 18:24:37,4,459
58917,2010-09-27 16:50:43,7427,459
61373,2011-03-29 19:10:45,10593,459
62136,2010-09-27 16:50:43,13566,459
62405,2011-02-07 22:19:18,14328,459
65522,2010-09-27 16:50:43,19786,459
47516,2011-11-22 20:27:23,10,460
38342,2012-11-30 11:48:11,2,462
39382,2012-11-30 11:48:11,4,462
40575,2012-11-30 11:48:11,6,462
39383,2012-04-23 18:24:37,4,463
64968,2011-03-07 16:28:54,17566,463
41396,2012-06-01 18:49:04,8,464
47517,2011-11-22 20:27:23,10,465
39384,2012-04-23 18:24:37,4,466
39385,2012-04-23 18:24:37,4,467
39514,2010-11-18 10:54:38,5,468
41397,2012-06-01 18:49:04,8,468
47518,2011-11-22 20:27:23,10,468
39386,2012-04-23 18:24:37,4,469
37984,2011-10-05 13:57:54,1,470
39387,2012-04-23 18:24:37,4,470
50507,2011-10-05 13:57:54,11,470
55212,2011-10-05 13:57:54,3437,470
60660,2011-10-05 13:57:54,9636,470
64211,2011-10-05 13:57:54,17515,470
64969,2011-10-05 13:57:54,17566,470
39388,2012-04-23 18:24:37,4,472
50508,2010-12-27 07:18:58,11,472
47519,2011-11-22 20:27:23,10,474
39389,2012-04-23 18:24:37,4,475
39390,2012-04-23 18:24:37,4,476
41398,2012-06-01 18:49:04,8,476
44247,2011-02-17 02:05:28,9,476
47520,2011-11-22 20:27:23,10,478
39391,2012-04-23 18:24:37,4,479
40576,2011-10-17 18:09:04,6,479
39515,2010-01-02 00:17:06,5,480
39392,2012-04-23 18:24:37,4,482
64212,2010-02-08 12:20:56,17515,482
39393,2012-04-23 18:24:37,4,483
54355,2010-12-19 14:16:43,454,483
58918,2010-09-15 13:59:47,7427,483
62976,2011-09-17 05:55:13,16402,483
64213,2010-03-21 13:25:55,17515,483
47521,2011-11-22 20:27:23,10,484
39394,2012-04-23 18:24:37,4,486
44248,2010-10-06 02:16:35,9,486
47522,2011-11-22 20:27:23,10,486
50509,2010-12-27 07:18:58,11,486
51909,2010-12-28 22:40:07,12,486
52442,2010-10-06 02:16:35,289,486
54356,2010-12-19 14:16:43,454,486
55213,2011-01-09 08:41:02,3437,486
55782,2010-10-06 02:16:35,3750,486
56226,2010-10-06 02:16:35,5326,486
56812,2010-10-06 02:16:35,7242,486
58919,2010-10-06 02:16:35,7427,486
59524,2010-10-06 02:16:35,8955,486
60661,2010-10-06 02:16:35,9636,486
61121,2011-03-24 21:05:14,10380,486
61374,2011-03-29 19:10:45,10593,486
62137,2010-10-06 02:16:35,13566,486
64214,2010-10-06 02:16:35,17515,486
39516,2010-01-02 00:17:06,5,487
44249,2009-01-15 15:15:18,9,487
47523,2011-11-22 20:27:23,10,487
56813,2009-03-21 21:32:25,7242,487
59525,2009-04-24 21:34:25,8955,487
60662,2010-09-10 14:17:48,9636,487
39395,2012-04-23 18:24:37,4,488
38343,2013-01-27 10:31:48,2,490
39396,2013-01-27 10:31:48,4,490
40577,2013-01-27 10:31:48,6,490
41020,2013-01-27 10:31:48,7,490
47524,2011-11-24 15:53:21,10,491
37985,2009-03-12 01:31:46,1,492
39397,2012-04-23 18:24:37,4,492
61375,2011-03-29 19:10:45,10593,492
62977,2011-09-17 05:55:13,16402,492
64215,2010-02-08 12:20:56,17515,492
39398,2012-04-23 18:24:37,4,494
41399,2012-06-01 18:49:04,8,494
54357,2010-12-19 14:16:43,454,494
55783,2009-07-22 04:37:47,3750,494
39399,2012-04-23 18:24:37,4,496
44250,2009-01-15 15:15:18,9,496
50510,2010-12-27 07:18:58,11,496
55784,2009-04-27 13:09:51,3750,496
56814,2009-03-21 21:32:25,7242,496
62978,2011-09-17 05:55:13,16402,496
47525,2011-11-22 20:27:23,10,497
39400,2012-04-23 18:24:37,4,498
39517,2010-01-02 00:17:06,5,498
41400,2012-06-01 18:49:04,8,498
55785,2009-04-27 13:09:51,3750,498
56815,2009-03-21 21:32:25,7242,498
58920,2010-09-15 13:59:47,7427,498
39401,2012-04-23 18:24:37,4,499
54358,2011-05-19 00:12:15,454,499
47526,2011-11-22 20:27:23,10,500
39402,2012-04-23 18:24:37,4,502
44251,2010-01-11 08:57:25,9,502
56816,2010-01-11 08:57:25,7242,502
59526,2010-01-11 08:57:25,8955,502
62979,2011-09-17 05:55:13,16402,502
39403,2012-04-23 18:24:37,4,503
47527,2011-11-22 20:27:23,10,505
39404,2012-04-23 18:24:37,4,506
62980,2011-09-17 05:55:13,16402,506
39405,2012-04-23 18:24:37,4,507
47528,2011-11-22 20:27:23,10,508
39406,2012-04-23 18:24:37,4,510
56817,2009-03-21 21:32:25,7242,510
61376,2011-03-29 19:10:45,10593,510
39407,2012-04-23 18:24:37,4,511
58921,2010-09-15 13:59:47,7427,511
65523,2010-06-29 18:03:33,19786,511
47529,2011-11-22 20:27:23,10,512
38344,2011-08-02 12:36:27,2,513
39408,2012-04-23 18:24:37,4,513
62981,2011-09-17 05:55:13,16402,513
39409,2012-04-23 18:24:37,4,514
39518,2011-05-22 20:09:53,5,514
54359,2011-05-22 20:09:53,454,514
56818,2011-05-22 20:09:53,7242,514
58922,2011-05-22 20:09:53,7427,514
62788,2011-08-12 00:27:25,16134,514
64216,2011-05-22 20:09:53,17515,514
38345,2011-06-20 06:22:46,2,516
39017,2011-06-20 06:22:46,3,516
39410,2012-04-23 18:24:37,4,516
40578,2011-10-17 18:09:04,6,516
41021,2012-06-20 16:45:11,7,516
47530,2011-11-22 20:27:23,10,517
39411,2012-04-23 18:24:37,4,518
47531,2011-11-22 20:27:23,10,525
39412,2012-04-23 18:24:37,4,526
39413,2012-04-23 18:24:37,4,527
39018,2010-08-24 15:22:36,3,529
39414,2012-04-23 18:24:37,4,529
40579,2011-10-17 18:09:04,6,529
41022,2012-06-20 16:45:11,7,529
56819,2009-06-26 22:47:29,7242,529
62982,2011-09-17 05:55:13,16402,529
64217,2010-02-08 12:20:56,17515,529
47532,2011-11-22 20:27:23,10,530
39415,2012-04-23 18:24:37,4,532
39416,2012-04-23 18:24:37,4,534
47533,2011-11-22 20:27:23,10,535
39417,2012-04-23 18:24:37,4,536
41401,2012-06-01 18:49:04,8,536
56820,2009-03-21 21:32:25,7242,536
59527,2009-04-24 21:34:25,8955,536
62983,2011-09-17 05:55:13,16402,536
47534,2011-11-22 20:27:23,10,537
56821,2009-09-01 05:12:00,7242,537
61928,2010-01-11 13:35:54,12976,537
38346,2011-07-21 19:17:37,2,538
39019,2011-07-21 19:17:37,3,538
39418,2012-04-23 18:24:37,4,538
40580,2011-10-17 18:09:04,6,538
41023,2012-06-20 16:45:11,7,538
39419,2012-04-23 18:24:37,4,539
39519,2010-04-07 12:35:12,5,539
56227,2010-04-07 12:35:12,5326,539
58923,2010-09-15 13:59:47,7427,539
60303,2010-04-07 12:35:12,9215,539
62984,2011-09-17 05:55:13,16402,539
65276,2010-05-10 15:17:33,19580,539
47535,2011-11-22 20:27:23,10,541
39420,2012-04-23 18:24:37,4,542
50511,2010-12-27 07:18:58,11,542
55786,2009-04-27 13:09:51,3750,542
56228,2008-03-31 18:20:41,5326,542
56822,2009-03-21 21:32:25,7242,542
62789,2011-08-12 00:27:25,16134,542
62985,2011-09-17 05:55:13,16402,542
39421,2012-04-23 18:24:37,4,543
50512,2010-12-27 07:18:58,11,543
60304,2010-07-30 12:40:19,9215,543
61122,2011-03-24 21:05:14,10380,543
64218,2010-07-30 12:40:19,17515,543
39422,2012-04-23 18:24:37,4,544
62986,2012-01-13 19:11:36,16402,544
38347,2010-05-03 02:08:49,2,545
39423,2012-04-23 18:24:37,4,545
47536,2011-11-22 20:27:23,10,546
37986,2009-05-25 01:24:00,1,548
39424,2012-04-23 18:24:37,4,548
50513,2010-12-27 07:18:58,11,548
60305,2009-10-21 19:55:54,9215,548
62987,2011-09-17 05:55:13,16402,548
64219,2010-02-08 12:20:56,17515,548
41402,2012-06-01 18:49:04,8,549
38348,2013-04-01 03:53:54,2,550
39020,2013-04-01 03:53:54,3,550
39425,2013-04-01 03:53:54,4,550
40581,2013-04-01 03:53:54,6,550
41024,2013-04-01 03:53:54,7,550
39426,2012-04-23 18:24:37,4,552
39427,2012-04-23 18:24:37,4,553
58924,2010-09-15 13:59:47,7427,553
47537,2011-11-22 20:27:23,10,554
39428,2012-04-23 18:24:37,4,555
39429,2012-04-23 18:24:37,4,556
55214,2011-01-09 08:41:02,3437,556
61929,2010-01-11 13:35:54,12976,556
64220,2010-02-08 12:20:56,17515,556
39430,2012-09-03 13:40:01,4,558
47538,2011-11-26 01:22:09,10,559
39431,2012-12-18 14:40:13,4,561
40582,2012-12-18 14:40:13,6,561
41025,2012-12-18 14:40:13,7,561
38349,2010-12-18 22:17:54,2,562
39432,2012-04-23 18:24:37,4,562
62988,2011-09-17 05:55:13,16402,562
64221,2010-12-18 22:17:54,17515,562
65524,2010-12-18 22:17:54,19786,562
39520,2013-05-15 19:41:37,5,563
39521,2010-02-21 08:00:09,5,564
44252,2010-02-21 08:00:09,9,564
47539,2011-11-22 20:27:23,10,564
54360,2010-12-19 14:16:43,454,564
56823,2010-02-21 08:00:09,7242,564
62989,2011-09-17 05:55:13,16402,564
39433,2012-08-03 13:14:29,4,565
40583,2012-08-03 13:14:29,6,565
39434,2012-04-23 18:24:37,4,566
56824,2009-09-22 15:55:18,7242,566
58925,2010-09-15 13:59:47,7427,566
62990,2011-09-17 05:55:13,16402,566
39435,2012-04-23 18:24:37,4,568
47540,2011-11-22 20:27:23,10,569
39436,2012-04-23 18:24:37,4,570
50514,2010-12-27 07:18:58,11,570
62991,2011-09-17 05:55:13,16402,570
39437,2012-04-23 18:24:37,4,572
47541,2011-11-23 14:39:27,10,573
39438,2013-06-13 03:47:35,4,574
39439,2012-04-23 18:24:37,4,576
47542,2011-11-22 20:27:23,10,576
62992,2011-09-17 05:55:13,16402,576
64222,2010-07-20 22:42:41,17515,576
41403,2012-06-01 18:49:04,8,577
39440,2012-04-23 18:24:37,4,578
50515,2011-07-04 10:39:42,11,578
39441,2012-04-23 18:24:37,4,579
47543,2011-11-26 08:15:18,10,581
39442,2012-04-23 18:24:37,4,582
62993,2011-09-17 05:55:13,16402,582
39443,2012-04-23 18:24:37,4,584
44253,2010-03-07 16:07:25,9,584
61377,2011-03-29 19:10:45,10593,584
41404,2012-06-01 18:49:04,8,585
44254,2011-02-14 20:50:21,9,585
50516,2011-02-14 20:50:21,11,585
55215,2011-02-14 20:50:21,3437,585
55787,2011-02-14 20:50:21,3750,585
56229,2011-02-14 20:50:21,5326,585
56825,2011-02-14 20:50:21,7242,585
59528,2011-02-14 20:50:21,8955,585
47544,2011-11-22 20:27:23,10,586
39444,2012-04-23 18:24:37,4,587
37987,2009-02-16 11:51:54,1,588
39445,2012-04-23 18:24:37,4,588
39522,2010-01-02 00:17:06,5,588
44255,2009-02-09 13:50:20,9,588
50517,2010-12-27 07:18:58,11,588
54361,2010-12-19 14:16:43,454,588
55216,2011-01-09 08:41:02,3437,588
56230,2009-02-09 13:50:20,5326,588
56826,2009-03-21 21:32:25,7242,588
58926,2010-09-15 13:59:47,7427,588
60306,2009-10-21 19:55:54,9215,588
60663,2010-09-10 14:17:48,9636,588
62138,2010-07-22 16:06:36,13566,588
62994,2011-09-17 05:55:13,16402,588
65525,2010-06-29 18:03:33,19786,588
39446,2013-02-01 01:26:31,4,589
39447,2012-04-23 18:24:37,4,592
55788,2010-04-24 22:37:46,3750,592
62995,2011-09-17 05:55:13,16402,592
64223,2010-04-24 22:37:46,17515,592
39448,2012-04-23 18:24:37,4,593
56827,2010-08-24 23:49:21,7242,593
59529,2010-08-24 23:49:21,8955,593
62996,2011-09-17 05:55:13,16402,593
64224,2010-08-24 23:49:21,17515,593
37988,2010-12-05 14:39:54,1,595
39449,2012-04-23 18:24:37,4,595
40584,2011-10-17 18:09:04,6,595
41026,2012-06-20 16:45:11,7,595
44256,2010-12-05 14:39:54,9,595
50518,2010-12-27 07:18:58,11,595
56828,2010-12-05 14:39:54,7242,595
58927,2010-12-05 14:39:54,7427,595
60664,2010-12-05 14:39:54,9636,595
62997,2011-09-17 05:55:13,16402,595
64225,2010-12-05 14:39:54,17515,595
65526,2010-12-05 14:39:54,19786,595
39450,2012-04-23 18:24:37,4,597
39451,2012-04-23 18:24:37,4,598
55217,2011-01-09 08:41:02,3437,598
59530,2010-01-13 18:57:50,8955,598
61378,2011-03-29 19:10:45,10593,598
62406,2011-02-07 22:19:18,14328,598
62998,2011-09-17 05:55:13,16402,598
39452,2012-04-23 18:24:37,4,601
39453,2012-04-23 18:24:37,4,603
39523,2011-11-15 15:41:54,5,603
41405,2012-06-01 18:49:04,8,603
47545,2011-11-22 20:27:23,10,603
50519,2011-11-15 15:41:54,11,603
54362,2011-11-15 15:41:54,454,603
55789,2011-11-15 15:41:54,3750,603
56231,2011-11-15 15:41:54,5326,603
58928,2011-11-15 15:41:54,7427,603
59531,2011-11-15 15:41:54,8955,603
61379,2011-11-15 15:41:54,10593,603
62999,2011-11-15 15:41:54,16402,603
47546,2011-11-22 20:27:23,10,604
60307,2011-08-11 19:39:00,9215,604
39454,2012-04-23 18:24:37,4,605
63000,2011-09-17 05:55:13,16402,605
39455,2012-04-23 18:24:37,4,607
47547,2011-11-22 20:27:23,10,608
39456,2012-04-23 18:24:37,4,610
64970,2011-03-07 16:28:54,17566,610
65277,2010-08-09 10:53:27,19580,610
39457,2012-04-23 18:24:37,4,611
39524,2011-05-11 11:49:56,5,611
50520,2011-05-11 11:49:56,11,611
56829,2011-05-11 11:49:56,7242,611
60665,2011-05-11 11:49:56,9636,611
61380,2011-05-11 11:49:56,10593,611
63001,2011-09-17 05:55:13,16402,611
39458,2012-04-23 18:24:37,4,612
41406,2012-06-01 18:49:04,8,612
55218,2011-01-09 08:41:02,3437,612
47548,2011-11-22 20:27:23,10,613
39459,2012-08-20 20:21:58,4,614
62139,2012-08-20 20:21:58,13566,614
63002,2012-08-20 20:21:58,16402,614
65527,2012-08-20 20:21:58,19786,614
39460,2012-04-23 18:24:37,4,616
47549,2011-11-22 20:27:23,10,617
39461,2012-04-23 18:24:37,4,618
39462,2012-04-23 18:24:37,4,620
39463,2012-04-23 18:24:37,4,622
47550,2011-11-22 20:27:23,10,622
39464,2012-04-23 18:24:37,4,623
39465,2012-04-23 18:24:37,4,625
50521,2010-12-27 07:18:58,11,625
58929,2010-09-15 13:59:47,7427,625
39466,2012-04-23 18:24:37,4,627
47551,2011-11-22 20:27:23,10,628
39467,2012-04-23 18:24:37,4,629
47552,2011-11-22 20:27:23,10,629
39468,2012-12-17 03:35:28,4,630
38350,2011-10-07 13:28:38,2,632
39021,2011-10-07 13:28:38,3,632
39469,2012-04-23 18:24:37,4,632
40585,2011-10-17 18:09:04,6,632
39470,2012-04-23 18:24:37,4,633
39525,2011-04-28 04:28:49,5,633
41407,2012-06-01 18:49:04,8,633
44257,2011-04-28 04:28:49,9,633
58930,2011-04-28 04:28:49,7427,633
60308,2011-04-28 04:28:49,9215,633
39526,2011-10-09 05:59:52,5,634
41408,2012-06-01 18:49:04,8,634
44258,2011-10-09 05:59:52,9,634
47553,2011-11-22 20:27:23,10,634
54363,2011-10-09 05:59:52,454,634
58931,2011-10-09 05:59:52,7427,634
61381,2011-10-09 05:59:52,10593,634
38351,2010-05-03 02:08:49,2,635
39471,2012-04-23 18:24:37,4,635
41027,2012-06-20 16:45:11,7,635
39472,2012-04-23 18:24:37,4,636
50522,2010-12-27 07:18:58,11,636
55219,2011-01-09 08:41:02,3437,636
58932,2010-09-15 13:59:47,7427,636
60309,2010-05-27 18:06:34,9215,636
63003,2011-09-17 05:55:13,16402,636
38352,2012-10-01 19:40:46,2,637
39473,2012-10-01 19:40:46,4,637
39527,2012-10-01 19:40:46,5,637
44259,2012-10-01 19:40:46,9,637
50523,2012-10-01 19:40:46,11,637
56830,2012-10-01 19:40:46,7242,637
64226,2012-10-01 19:40:46,17515,637
39474,2013-04-18 17:07:41,4,639
47554,2011-11-26 22:53:05,10,640
39475,2012-04-23 18:24:37,4,642
39528,2011-02-02 06:11:48,5,642
39476,2012-04-23 18:24:37,4,643
60310,2010-02-12 23:53:55,9215,643
63004,2011-09-17 05:55:13,16402,643
47555,2011-11-22 20:27:23,10,645
39477,2012-04-23 18:24:37,4,646
39529,2011-02-08 10:13:25,5,646
41409,2012-06-01 18:49:04,8,646
39478,2012-04-23 18:24:37,4,647
38353,2010-05-03 02:08:49,2,650
39479,2012-04-23 18:24:37,4,650
41410,2012-06-01 18:49:04,8,650
63005,2011-09-17 05:55:13,16402,650
39480,2012-04-23 18:24:37,4,651
47556,2011-11-22 20:27:23,10,651
50524,2010-12-27 07:18:58,11,651
56232,2009-06-11 19:15:09,5326,651
56831,2009-06-11 19:15:09,7242,651
58933,2010-09-15 13:59:47,7427,651
64227,2010-02-08 12:20:56,17515,651
37989,2011-04-07 06:39:34,1,655
47557,2011-11-22 20:27:23,10,655
59532,2011-04-07 06:39:34,8955,655
47558,2011-11-27 12:55:58,10,658
47559,2011-11-27 14:14:47,10,660
47560,2011-11-27 19:52:48,10,662
47561,2011-11-26 05:11:17,10,665
47562,2011-11-22 20:27:23,10,666
47563,2011-11-22 20:27:23,10,668
41411,2012-06-27 05:47:50,8,671
39530,2010-04-13 00:11:56,5,673
47564,2011-11-22 20:27:23,10,673
54364,2010-12-19 14:16:43,454,673
41412,2012-06-01 18:49:04,8,675
47565,2011-11-22 20:27:23,10,675
61382,2011-11-19 17:32:33,10593,675
47566,2011-11-22 20:27:23,10,676
44260,2010-04-14 17:03:38,9,678
47567,2011-11-22 20:27:23,10,678
47568,2011-11-27 01:30:16,10,680
47569,2011-11-22 20:27:23,10,682
41413,2012-06-01 18:49:04,8,683
55790,2010-10-25 19:55:28,3750,683
61383,2011-03-29 19:10:45,10593,683
41414,2012-06-01 18:49:04,8,684
47570,2011-11-22 20:27:23,10,685
47571,2011-11-22 20:27:23,10,686
47572,2011-11-29 21:06:10,10,687
41415,2012-06-01 18:49:04,8,688
47573,2011-11-30 05:54:08,10,688
47574,2011-11-22 20:27:23,10,689
47575,2011-11-22 20:27:23,10,690
47576,2011-11-22 20:27:23,10,691
47577,2011-11-22 20:27:23,10,692
38354,2010-06-27 16:02:04,2,693
47578,2011-11-22 20:27:23,10,694
58934,2010-09-15 13:59:47,7427,694
47579,2011-12-01 02:49:52,10,695
47580,2011-11-22 20:27:23,10,696
38355,2010-10-19 19:40:08,2,697
39022,2010-10-19 19:40:08,3,697
47581,2011-12-03 17:25:22,10,698
38356,2010-05-03 02:08:49,2,699
39023,2010-08-24 15:22:36,3,699
40586,2011-10-17 18:09:04,6,699
39024,2011-11-25 14:41:27,3,700
47582,2011-12-01 06:04:26,10,701
39025,2012-02-12 22:46:45,3,702
39531,2010-02-06 18:24:42,5,703
41416,2012-06-01 18:49:04,8,703
56832,2010-02-06 18:24:42,7242,703
59533,2010-02-06 18:24:42,8955,703
39026,2013-05-06 04:46:31,3,704
40587,2013-05-06 04:46:31,6,704
39027,2011-06-14 12:43:22,3,705
39028,2010-09-07 21:08:04,3,706
39532,2010-09-07 21:08:04,5,706
47583,2011-11-22 20:27:23,10,706
50525,2010-12-27 07:18:58,11,706
56833,2010-09-07 21:08:04,7242,706
58935,2010-09-15 13:59:47,7427,706
59534,2010-09-07 21:08:04,8955,706
60311,2010-09-07 21:08:04,9215,706
63006,2011-09-17 05:55:13,16402,706
64228,2010-09-07 21:08:04,17515,706
47584,2011-12-02 09:50:52,10,707
41417,2012-06-01 18:49:04,8,708
39029,2011-07-02 06:42:17,3,709
40588,2011-10-17 18:09:04,6,709
38357,2011-08-07 18:53:55,2,710
39030,2011-08-07 18:53:55,3,710
47585,2011-12-05 05:06:38,10,711
41418,2012-06-01 18:49:04,8,712
39031,2010-08-24 15:22:36,3,713
39032,2012-09-16 14:16:40,3,714
47586,2011-11-22 20:27:23,10,715
41419,2012-06-02 23:54:34,8,716
39033,2010-09-07 14:46:24,3,717
38358,2010-05-03 02:08:49,2,718
39034,2010-08-24 15:22:36,3,718
56834,2009-03-21 21:32:25,7242,718
64229,2010-02-08 12:20:56,17515,718
47587,2011-11-22 20:27:23,10,719
39035,2010-08-24 15:22:36,3,721
62790,2011-08-12 00:27:25,16134,721
38359,2011-11-11 09:23:32,2,722
39036,2011-11-11 09:23:32,3,722
40589,2011-11-11 09:23:32,6,722
47588,2011-11-22 20:27:23,10,723
38360,2011-08-10 14:45:17,2,724
39037,2011-08-10 14:45:17,3,724
50526,2011-09-20 00:18:17,11,725
38361,2010-05-03 02:08:49,2,726
39038,2010-08-24 15:22:36,3,726
41028,2012-06-20 16:45:11,7,726
60666,2010-09-10 14:17:48,9636,726
63007,2011-09-17 05:55:13,16402,726
39039,2011-04-14 15:59:47,3,727
47589,2011-11-22 20:27:23,10,728
39040,2010-08-24 15:22:36,3,729
65528,2010-06-29 18:03:33,19786,729
39041,2012-05-24 06:09:18,3,730
41420,2012-06-01 18:49:04,8,731
39042,2010-08-24 15:22:36,3,732
39043,2010-08-24 15:22:36,3,733
41029,2012-06-20 16:45:11,7,733
63008,2011-09-17 05:55:13,16402,733
47590,2011-11-22 20:27:23,10,734
41421,2012-06-01 18:49:04,8,735
39044,2010-08-24 15:22:36,3,736
54365,2010-12-19 14:16:43,454,736
39045,2010-08-24 15:22:36,3,737
40590,2011-10-17 18:09:04,6,737
47591,2011-12-09 10:19:27,10,738
41422,2012-06-01 18:49:04,8,739
62140,2011-03-20 03:30:03,13566,739
62407,2011-03-20 03:30:03,14328,739
63009,2011-09-17 05:55:13,16402,739
38362,2012-06-01 17:09:32,2,740
39046,2012-06-01 17:09:32,3,740
41030,2012-06-20 16:45:11,7,740
39047,2010-08-24 15:22:36,3,742
40591,2011-10-17 18:09:04,6,742
39048,2012-03-23 16:29:21,3,743
41423,2012-06-01 18:49:04,8,744
39049,2010-08-24 15:22:36,3,745
63010,2011-09-17 05:55:13,16402,745
47592,2011-11-22 20:27:23,10,746
39050,2012-02-16 10:00:14,3,747
64230,2012-02-16 10:00:14,17515,747
41424,2012-06-01 18:49:04,8,748
61384,2011-08-26 07:29:54,10593,748
39051,2010-08-24 15:22:36,3,749
50527,2010-12-27 07:18:58,11,749
39052,2011-07-12 04:53:23,3,750
62791,2011-08-12 00:27:25,16134,750
63011,2011-09-17 05:55:13,16402,750
39053,2010-08-24 15:22:36,3,751
41425,2012-06-01 18:49:04,8,753
55791,2012-01-12 03:30:45,3750,753
39054,2010-08-24 15:22:36,3,754
38363,2011-12-26 06:27:16,2,755
39055,2011-12-26 06:27:16,3,755
40592,2011-12-26 06:27:16,6,755
47593,2011-11-22 20:27:23,10,756
39056,2010-08-24 15:22:36,3,757
59535,2009-05-11 06:43:38,8955,757
61385,2011-03-29 19:10:45,10593,757
63012,2011-09-17 05:55:13,16402,757
64231,2010-02-08 12:20:56,17515,757
41426,2012-06-01 18:49:04,8,758
39057,2010-08-24 15:22:36,3,759
39533,2011-09-29 23:27:45,5,760
41427,2012-06-01 18:49:04,8,760
50528,2011-09-29 23:27:45,11,760
63013,2011-09-29 23:27:45,16402,760
47594,2011-12-10 21:51:55,10,761
39058,2010-08-24 15:22:36,3,762
39059,2012-05-02 18:11:13,3,763
44261,2012-05-02 18:11:13,9,763
50529,2012-05-02 18:11:13,11,763
56835,2012-05-02 18:11:13,7242,763
60312,2012-05-02 18:11:13,9215,763
63014,2012-05-02 18:11:13,16402,763
37990,2009-02-16 11:51:54,1,764
39060,2010-08-24 15:22:36,3,764
60667,2010-09-10 14:17:48,9636,764
62792,2011-08-12 00:27:25,16134,764
63015,2011-09-17 05:55:13,16402,764
64971,2011-03-07 16:28:54,17566,764
39061,2010-11-29 12:11:58,3,765
41428,2012-06-01 18:49:04,8,766
56836,2010-06-22 00:58:44,7242,766
47595,2011-11-22 20:27:23,10,767
38364,2010-05-03 02:08:49,2,768
39062,2010-08-24 15:22:36,3,768
55220,2011-01-09 08:41:02,3437,768
58936,2010-09-15 13:59:47,7427,768
60313,2009-10-21 19:55:54,9215,768
39063,2012-05-05 13:24:52,3,769
41429,2012-06-01 18:49:04,8,770
63016,2011-09-17 05:55:13,16402,770
47596,2011-11-22 20:27:23,10,771
58937,2010-09-15 13:59:47,7427,771
39064,2010-08-24 15:22:36,3,772
38365,2012-01-25 18:34:26,2,773
39065,2012-01-25 18:34:26,3,773
41430,2012-06-01 18:49:04,8,774
47597,2011-12-14 21:56:32,10,775
39066,2011-11-19 03:16:29,3,776
40593,2011-11-19 03:16:29,6,776
39067,2010-08-24 15:22:36,3,777
47598,2011-12-15 03:11:16,10,778
41431,2012-06-01 18:49:04,8,779
38366,2011-01-28 13:50:19,2,780
39068,2011-01-28 13:50:19,3,780
39069,2010-08-24 15:22:36,3,781
39070,2010-08-24 15:22:36,3,782
41432,2012-06-01 18:49:04,8,783
41433,2012-06-01 18:49:04,8,784
47599,2011-11-22 20:27:23,10,784
39071,2010-08-24 15:22:36,3,785
39072,2010-08-24 15:22:36,3,786
62408,2011-02-07 22:19:18,14328,786
62560,2010-02-06 14:17:58,14912,786
62793,2011-08-12 00:27:25,16134,786
41434,2012-06-01 18:49:04,8,787
64972,2011-03-07 16:28:54,17566,787
41435,2012-06-01 18:49:04,8,788
47600,2011-11-22 20:27:23,10,788
63017,2011-09-17 05:55:13,16402,788
39073,2011-04-10 00:38:10,3,789
39074,2013-01-28 22:27:26,3,790
41436,2012-06-01 18:49:04,8,791
47601,2011-12-14 02:02:04,10,792
39075,2012-02-20 04:19:08,3,793
40594,2012-02-20 04:19:08,6,793
38367,2010-07-02 14:34:01,2,794
39076,2010-08-24 15:22:36,3,794
40595,2011-10-17 18:09:04,6,794
41031,2012-06-20 16:45:11,7,794
47602,2011-11-22 20:27:23,10,794
55221,2011-01-09 08:41:02,3437,794
62141,2010-07-22 16:06:36,13566,794
47603,2011-12-17 09:08:25,10,796
39077,2010-08-24 15:22:36,3,797
39078,2010-08-24 15:22:36,3,798
58938,2010-09-15 13:59:47,7427,798
41437,2012-06-01 18:49:04,8,799
47604,2011-11-22 20:27:23,10,800
38368,2010-05-03 02:08:49,2,801
39079,2010-08-24 15:22:36,3,801
39534,2010-04-03 18:22:27,5,801
59536,2010-04-03 18:22:27,8955,801
63018,2011-09-17 05:55:13,16402,801
39080,2010-10-21 17:13:46,3,802
39535,2010-10-21 17:13:46,5,802
56837,2010-10-21 17:13:46,7242,802
59537,2010-10-21 17:13:46,8955,802
64973,2011-03-07 16:28:54,17566,802
65278,2010-10-21 17:13:46,19580,802
39081,2011-08-08 15:10:17,3,804
47605,2011-11-22 20:27:23,10,805
38369,2011-05-18 19:32:43,2,806
39082,2011-05-18 19:32:43,3,806
50530,2011-05-18 19:32:43,11,806
61123,2011-05-18 19:32:43,10380,806
38370,2012-08-07 02:03:11,2,807
39083,2012-08-07 02:03:11,3,807
40596,2012-08-07 02:03:11,6,807
41438,2012-06-01 18:49:04,8,808
37991,2009-02-16 11:51:54,1,809
38371,2010-05-03 02:08:49,2,809
39084,2010-08-24 15:22:36,3,809
50531,2010-12-27 07:18:58,11,809
55222,2011-01-09 08:41:02,3437,809
63019,2011-09-17 05:55:13,16402,809
65529,2010-06-29 18:03:33,19786,809
47606,2011-12-17 23:49:41,10,810
39085,2010-08-24 15:22:36,3,811
40597,2011-10-17 18:09:04,6,811
38372,2011-06-03 17:19:00,2,812
39086,2011-06-03 17:19:00,3,812
40598,2011-10-17 18:09:04,6,812
50532,2011-06-03 17:19:00,11,812
41439,2012-06-01 18:49:04,8,813
47607,2011-12-18 04:57:53,10,814
39087,2012-07-06 07:13:21,3,815
39088,2011-08-29 04:41:53,3,816
41440,2012-06-01 18:49:04,8,817
47608,2011-11-22 20:27:23,10,818
38373,2010-09-14 23:47:56,2,819
39089,2010-09-14 23:47:56,3,819
40599,2011-10-17 18:09:04,6,819
38374,2011-03-01 07:37:26,2,820
39090,2011-03-01 07:37:26,3,820
58939,2011-03-01 07:37:26,7427,820
38375,2010-10-27 09:12:49,2,821
39091,2010-10-27 09:12:49,3,821
39536,2011-02-12 00:26:54,5,822
41441,2012-06-01 18:49:04,8,822
54366,2011-02-12 00:26:54,454,822
56838,2011-02-12 00:26:54,7242,822
59538,2011-02-12 00:26:54,8955,822
63020,2011-09-17 05:55:13,16402,822
38376,2012-04-21 04:21:53,2,824
39092,2012-04-21 04:21:53,3,824
38377,2010-05-03 02:08:49,2,825
39093,2010-08-24 15:22:36,3,825
41442,2012-06-01 18:49:04,8,826
47609,2011-11-22 20:27:23,10,827
63021,2011-09-17 05:55:13,16402,827
38378,2010-05-03 02:08:49,2,828
39094,2010-08-24 15:22:36,3,828
44262,2009-04-30 11:49:38,9,828
58940,2010-09-15 13:59:47,7427,828
39095,2012-01-06 21:07:35,3,829
41032,2012-06-20 16:45:11,7,829
47610,2011-11-22 20:27:23,10,830
41443,2012-06-03 03:52:13,8,831
38379,2010-05-03 02:08:49,2,832
39096,2010-08-24 15:22:36,3,832
39097,2010-08-24 15:22:36,3,833
64232,2010-02-08 12:20:56,17515,833
39537,2011-04-12 11:45:17,5,834
41444,2012-06-01 18:49:04,8,834
47611,2011-12-28 08:02:44,10,835
39098,2010-08-24 15:22:36,3,836
37992,2010-04-17 19:09:13,1,837
39099,2010-08-24 15:22:36,3,837
44263,2010-04-17 19:09:13,9,837
58941,2010-09-15 13:59:47,7427,837
63022,2011-09-17 05:55:13,16402,837
41445,2012-06-01 18:49:04,8,838
39100,2010-08-24 15:22:36,3,839
37993,2009-02-16 11:51:54,1,841
39101,2010-08-24 15:22:36,3,841
54367,2010-12-19 14:16:43,454,841
56839,2009-03-21 21:32:25,7242,841
63023,2011-09-17 05:55:13,16402,841
38380,2010-05-03 02:08:49,2,842
39102,2010-08-24 15:22:36,3,842
40600,2011-10-17 18:09:04,6,842
41446,2012-06-01 18:49:04,8,843
39103,2010-08-24 15:22:36,3,844
47612,2011-11-22 20:27:23,10,845
39104,2013-01-29 21:32:42,3,846
40601,2013-01-29 21:32:42,6,846
39105,2010-08-24 15:22:36,3,847
58942,2010-09-15 13:59:47,7427,847
41447,2012-06-01 18:49:04,8,848
47613,2011-12-11 23:53:59,10,849
39106,2012-05-15 07:59:50,3,850
40602,2012-05-15 07:59:50,6,850
38381,2011-08-31 09:01:28,2,851
39107,2011-08-31 09:01:28,3,851
40603,2011-10-17 18:09:04,6,851
65530,2011-08-31 09:01:28,19786,851
38382,2010-07-20 04:43:04,2,852
39108,2010-08-24 15:22:36,3,852
41448,2012-06-01 18:49:04,8,853
44264,2009-04-27 18:24:36,9,853
54368,2010-12-19 14:16:43,454,853
55223,2011-01-09 08:41:02,3437,853
56840,2009-04-27 18:24:36,7242,853
58943,2010-09-15 13:59:47,7427,853
61124,2011-03-24 21:05:14,10380,853
61386,2011-03-29 19:10:45,10593,853
63024,2011-09-17 05:55:13,16402,853
64233,2010-02-08 12:20:56,17515,853
47614,2011-11-22 20:27:23,10,854
39109,2010-08-24 15:22:36,3,855
50533,2010-12-27 07:18:58,11,855
55792,2010-02-09 10:29:30,3750,855
38383,2010-09-01 18:32:13,2,856
39110,2010-09-01 18:32:13,3,856
40604,2011-10-17 18:09:04,6,856
41449,2012-06-03 04:19:48,8,857
38384,2012-09-07 17:56:50,2,859
39111,2012-09-07 17:56:50,3,859
39112,2010-08-24 15:22:36,3,860
50534,2010-12-27 07:18:58,11,860
62142,2010-07-22 16:06:36,13566,860
41450,2012-06-01 18:49:04,8,861
47615,2011-11-22 20:27:23,10,862
39113,2010-08-24 15:22:36,3,863
47616,2011-11-22 20:27:23,10,863
63025,2011-09-17 05:55:13,16402,863
39114,2010-08-24 15:22:36,3,864
58944,2010-09-15 13:59:47,7427,864
64974,2011-03-07 16:28:54,17566,864
41451,2012-06-01 18:49:04,8,865
39115,2010-08-24 15:22:36,3,866
47617,2011-11-22 20:27:23,10,867
39116,2010-08-24 15:22:36,3,868
39117,2013-05-04 03:38:03,3,869
63026,2013-05-04 03:38:03,16402,869
41452,2012-06-01 18:49:04,8,870
50535,2010-12-27 07:18:58,11,870
55793,2010-06-24 00:11:42,3750,870
63027,2011-09-17 05:55:13,16402,870
37994,2009-02-16 11:51:54,1,871
39118,2010-08-24 15:22:36,3,871
65531,2010-06-29 18:03:33,19786,871
47618,2011-11-22 20:27:23,10,872
39119,2010-08-24 15:22:36,3,873
39120,2010-08-24 15:22:36,3,874
39538,2011-11-20 19:16:40,5,875
41453,2012-06-01 18:49:04,8,875
58945,2011-11-20 19:16:40,7427,875
63028,2011-11-20 19:16:40,16402,875
47619,2011-11-24 04:06:34,10,876
39121,2010-08-24 15:22:36,3,877
58946,2010-09-15 13:59:47,7427,877
38385,2010-05-03 02:08:49,2,878
39122,2010-08-24 15:22:36,3,878
41454,2012-06-01 18:49:04,8,879
47620,2011-11-22 20:27:23,10,880
39123,2011-03-13 22:51:46,3,881
39124,2010-08-24 15:22:36,3,882
55224,2011-01-09 08:41:02,3437,882
56233,2008-04-09 19:58:47,5326,882
61125,2011-03-24 21:05:14,10380,882
63029,2011-09-17 05:55:13,16402,882
39539,2011-03-03 12:27:45,5,883
41455,2012-06-01 18:49:04,8,883
56841,2011-03-03 12:27:45,7242,883
59539,2011-03-03 12:27:45,8955,883
44265,2012-01-11 06:04:11,9,884
47621,2012-01-11 06:04:11,10,884
50536,2012-01-11 06:04:11,11,884
51910,2012-01-11 06:04:11,12,884
39125,2010-11-30 03:32:24,3,885
39126,2011-03-30 23:25:36,3,886
41456,2012-06-01 18:49:04,8,887
47622,2011-11-22 20:27:23,10,888
39127,2012-07-27 16:58:02,3,889
39128,2010-08-24 15:22:36,3,890
63030,2011-09-17 05:55:13,16402,890
64234,2010-02-08 12:20:56,17515,890
41457,2012-06-01 18:49:04,8,891
47623,2012-01-19 12:38:10,10,892
39129,2012-11-30 18:58:01,3,893
39130,2010-08-24 15:22:36,3,894
41458,2012-06-01 18:49:04,8,895
39131,2010-08-24 15:22:36,3,896
41033,2012-06-20 16:45:11,7,896
38386,2010-10-28 00:35:18,2,898
39132,2010-10-28 00:35:18,3,898
40605,2011-10-17 18:09:04,6,898
41034,2012-06-20 16:45:11,7,898
54369,2010-12-19 14:16:43,454,898
61126,2011-03-24 21:05:14,10380,898
64235,2010-10-28 00:35:18,17515,898
65532,2010-10-28 00:35:18,19786,898
38387,2011-02-03 09:28:41,2,899
39133,2011-02-03 09:28:41,3,899
44266,2011-02-03 09:28:41,9,899
63031,2011-09-17 05:55:13,16402,899
39134,2010-08-24 15:22:36,3,900
41459,2012-06-01 18:49:04,8,901
39135,2010-09-23 12:56:55,3,903
40606,2011-10-17 18:09:04,6,903
39136,2010-08-24 15:22:36,3,904
41460,2012-06-01 18:49:04,8,905
47624,2012-01-07 12:15:41,10,906
38388,2010-05-03 02:08:49,2,907
39137,2010-08-24 15:22:36,3,907
40607,2011-10-17 18:09:04,6,907
41035,2012-06-20 16:45:11,7,907
39138,2011-10-31 09:20:34,3,908
39139,2010-08-24 15:22:36,3,909
41461,2012-06-01 18:49:04,8,910
47625,2012-01-30 23:38:33,10,911
38389,2012-03-24 19:05:00,2,912
39140,2012-03-24 19:05:00,3,912
41036,2012-06-20 16:45:11,7,912
50537,2012-03-24 19:05:00,11,912
56842,2012-03-24 19:05:00,7242,912
41462,2012-06-01 18:49:04,8,913
39141,2011-12-13 03:06:45,3,914
47626,2012-02-06 17:08:06,10,915
39142,2010-08-24 15:22:36,3,916
63032,2011-09-17 05:55:13,16402,916
41463,2012-06-01 18:49:04,8,917
38390,2013-06-06 12:30:09,2,918
39143,2013-06-06 12:30:09,3,918
47627,2012-02-06 15:24:01,10,919
38391,2010-05-03 02:08:49,2,920
39144,2010-08-24 15:22:36,3,920
40608,2011-10-17 18:09:04,6,920
50538,2010-12-27 07:18:58,11,920
56843,2010-04-03 22:39:45,7242,920
39145,2010-08-24 15:22:36,3,921
40609,2011-10-17 18:09:04,6,921
38392,2011-11-28 16:54:34,2,922
39146,2011-11-28 16:54:34,3,922
63033,2011-11-28 16:54:34,16402,922
39147,2010-08-24 15:22:36,3,923
41464,2012-06-01 18:49:04,8,925
39148,2010-08-24 15:22:36,3,926
40610,2011-10-17 18:09:04,6,926
39149,2010-08-24 15:22:36,3,927
41465,2012-06-01 18:49:04,8,928
47628,2011-11-22 20:27:23,10,929
38393,2012-02-09 17:19:32,2,930
39150,2012-02-09 17:19:32,3,930
39151,2013-05-14 01:10:08,3,931
41466,2012-06-03 06:01:36,8,932
47629,2012-01-24 18:56:44,10,933
39152,2012-03-13 03:41:55,3,934
39153,2010-11-02 15:48:50,3,935
39154,2010-08-24 15:22:36,3,936
56844,2010-06-21 21:59:45,7242,936
41467,2012-06-01 18:49:04,8,937
47630,2011-11-22 20:27:23,10,938
38394,2010-05-03 02:08:49,2,939
39155,2010-08-24 15:22:36,3,939
39156,2011-11-17 19:32:42,3,940
41468,2012-06-01 18:49:04,8,941
56845,2011-12-19 08:24:49,7242,941
59540,2011-12-19 08:24:49,8955,941
47631,2011-11-22 20:27:23,10,942
51911,2010-12-28 22:40:07,12,942
39157,2012-01-16 21:49:52,3,943
63034,2012-01-16 21:49:52,16402,943
39158,2010-08-24 15:22:36,3,944
41469,2012-06-01 18:49:04,8,945
47632,2012-02-26 15:22:11,10,946
39159,2010-10-12 02:09:50,3,947
39160,2010-08-24 15:22:36,3,948
41470,2012-06-01 18:49:04,8,949
47633,2012-03-08 11:05:15,10,950
38395,2013-04-21 04:02:24,2,951
39161,2013-04-21 04:02:24,3,951
39162,2011-09-11 20:44:20,3,952
40611,2011-10-17 18:09:04,6,952
41471,2012-06-01 18:49:04,8,953
39163,2010-08-24 15:22:36,3,954
47634,2011-11-22 20:27:23,10,955
39164,2011-06-21 14:05:45,3,956
39165,2010-08-24 15:22:36,3,957
41472,2012-06-01 18:49:04,8,958
56234,2012-02-12 11:01:11,5326,958
47635,2011-11-22 20:27:23,10,959
39166,2010-11-08 06:40:23,3,960
39167,2010-08-24 15:22:36,3,961
41473,2012-06-01 18:49:04,8,962
47636,2011-11-22 20:27:23,10,963
58947,2011-03-11 15:41:45,7427,963
38396,2012-12-24 20:07:01,2,964
39168,2012-12-24 20:07:01,3,964
40612,2012-12-24 20:07:01,6,964
38397,2012-03-31 15:01:48,2,965
39169,2012-03-31 15:01:48,3,965
40613,2012-03-31 15:01:48,6,965
41037,2012-06-20 16:45:11,7,965
41474,2012-06-01 18:49:04,8,966
55225,2011-11-12 14:43:03,3437,966
47637,2011-11-22 20:27:23,10,967
38398,2010-09-25 16:16:44,2,968
39170,2010-09-25 16:16:44,3,968
40614,2011-10-17 18:09:04,6,968
39540,2012-04-15 04:10:07,5,969
40615,2012-04-15 04:10:07,6,969
41038,2012-06-20 16:45:11,7,969
41475,2012-06-01 18:49:04,8,969
44267,2012-04-15 04:10:07,9,969
47638,2012-04-15 04:10:07,10,969
51912,2012-04-15 04:10:07,12,969
52443,2012-04-15 04:10:07,289,969
55794,2012-04-15 04:10:07,3750,969
56235,2012-04-15 04:10:07,5326,969
56846,2012-04-15 04:10:07,7242,969
59541,2012-04-15 04:10:07,8955,969
60668,2012-04-15 04:10:07,9636,969
61387,2012-04-15 04:10:07,10593,969
63035,2012-04-15 04:10:07,16402,969
64236,2012-04-15 04:10:07,17515,969
65533,2012-04-15 04:10:07,19786,969
39171,2010-08-24 15:22:36,3,970
62143,2010-07-22 16:06:36,13566,970
38399,2010-09-30 03:14:03,2,971
39172,2010-09-30 03:14:03,3,971
47639,2011-11-25 05:10:21,10,972
39173,2012-01-09 03:57:52,3,973
41039,2012-06-20 16:45:11,7,973
41476,2012-06-01 18:49:04,8,974
44268,2011-02-07 09:03:36,9,974
63036,2011-09-17 05:55:13,16402,974
38400,2012-09-30 10:40:43,2,975
39174,2012-09-30 10:40:43,3,975
40616,2012-09-30 10:40:43,6,975
41040,2012-09-30 10:40:43,7,975
44269,2012-03-18 01:43:30,9,976
47640,2012-03-18 01:43:30,10,976
51913,2012-03-18 01:43:30,12,976
60314,2012-03-18 01:43:30,9215,976
38401,2010-05-03 02:08:49,2,977
39175,2010-08-24 15:22:36,3,977
40617,2011-10-17 18:09:04,6,977
39176,2013-01-17 18:24:33,3,978
41477,2012-06-01 18:49:04,8,979
37995,2011-01-12 06:53:55,1,980
38402,2011-01-12 06:53:55,2,980
39177,2011-01-12 06:53:55,3,980
39541,2011-01-12 06:53:55,5,980
40618,2011-10-17 18:09:04,6,980
41478,2012-06-01 18:49:04,8,980
44270,2011-01-12 06:53:55,9,980
47641,2011-11-22 20:27:23,10,980
51914,2011-01-12 06:53:55,12,980
52444,2011-01-12 06:53:55,289,980
55226,2011-01-12 06:53:55,3437,980
56236,2011-01-12 06:53:55,5326,980
56847,2011-01-12 06:53:55,7242,980
58948,2011-01-12 06:53:55,7427,980
59542,2011-01-12 06:53:55,8955,980
60315,2011-01-12 06:53:55,9215,980
60669,2011-01-12 06:53:55,9636,980
61388,2011-03-29 19:10:45,10593,980
63037,2011-09-17 05:55:13,16402,980
64237,2011-01-12 06:53:55,17515,980
47642,2011-11-22 20:27:23,10,981
55795,2011-06-22 09:05:58,3750,981
56848,2011-06-22 09:05:58,7242,981
39178,2010-08-24 15:22:36,3,982
41041,2012-06-20 16:45:11,7,982
41479,2012-06-01 18:49:04,8,982
50539,2010-12-27 07:18:58,11,982
55796,2009-04-27 13:09:51,3750,982
58949,2010-09-15 13:59:47,7427,982
64238,2010-02-08 12:20:56,17515,982
41480,2012-06-01 18:49:04,8,983
39179,2010-08-24 15:22:36,3,984
47643,2011-11-22 20:27:23,10,985
39180,2010-12-30 19:21:37,3,986
40619,2011-10-17 18:09:04,6,986
41481,2012-06-03 08:37:17,8,987
39181,2012-02-17 10:05:01,3,988
39542,2011-03-08 00:47:02,5,989
47644,2011-11-22 20:27:23,10,989
59543,2011-03-08 00:47:02,8955,989
39182,2010-08-24 15:22:36,3,990
63038,2011-09-17 05:55:13,16402,990
41482,2012-06-01 18:49:04,8,991
47645,2012-03-30 16:17:12,10,992
41483,2012-06-01 18:49:04,8,993
47646,2012-03-24 12:28:08,10,994
41484,2012-06-01 18:49:04,8,995
47647,2012-04-07 05:38:23,10,996
39543,2012-04-15 05:57:29,5,998
41485,2012-06-01 18:49:04,8,998
47648,2012-04-01 01:09:24,10,999
